,id_student,code_presentation,dataplus,forumng,glossary,homepage,oucollaborate,oucontent,resource,subpage,url,final_result,binary_label
1,100893,2013J,2,5.543478261,0,3.096153846,1,2.961038961,1,1.634146341,1.222222222,Pass,Don't Monitor
2,101116,2014J,5,2.259615385,1,3.080645161,0,4.024390244,2.043478261,1.68852459,1.875,Pass,Don't Monitor
3,101781,2013J,2.833333333,2.840707965,0,4.826388889,0,7.412903226,1.111111111,2.134920635,1.963855422,Pass,Don't Monitor
4,102806,2013J,3,1.62992126,0,3.235632184,0,3.153284672,1.230769231,1.296875,1,Pass,Don't Monitor
5,102952,2013J,5,3.338461538,0,2.965517241,0,5.100840336,1.375,2.428571429,2.083333333,Pass,Don't Monitor
6,1035023,2013J,4,1.701298701,0,2.948905109,0,4.283783784,1.111111111,1.378378378,1,Pass,Don't Monitor
7,104476,2013J,2.5,3.151785714,0,5.113207547,1.25,6.642553191,1.065217391,2.217054264,2.044117647,Pass,Don't Monitor
8,1045203,2014J,2,3.990384615,5,6.375,2,4.790697674,1.461538462,2.153846154,1.93877551,Pass,Don't Monitor
9,106247,2013J,0,3.277777778,0,3.9,1,4.423076923,1.777777778,1.21875,1,Withdrawn, Monitor
10,106577,2013J,0,2.068181818,0,3.893617021,0,4.630952381,1.25,1.617647059,0,Pass,Don't Monitor
11,107489,2014J,2.8,2.781690141,0,4.851648352,1,3.32884097,1.117647059,1.855072464,1.777777778,Pass,Don't Monitor
12,108872,2014J,0,2.752066116,0,3.817073171,0,5.089430894,1.470588235,2.28125,1,Pass,Don't Monitor
13,109155,2014J,3.5,3.216617211,0,3.804511278,0,4.478571429,1,1.366197183,1.333333333,Pass,Don't Monitor
14,110175,2013J,0,2,0,3.117647059,0,4.70754717,1.368421053,1.80952381,1.65625,Pass,Don't Monitor
15,1105478,2013J,0,3.177777778,0,3.298387097,2,4.331428571,1.352941176,2.204819277,1.5,Pass,Don't Monitor
16,1112555,2014J,1.5,3.656976744,0,2.931506849,1.5,3.800632911,1.029411765,1.5625,1.25,Pass,Don't Monitor
17,111512,2014J,1,2.054054054,1,5.666666667,1,3.727272727,1.705882353,2.421052632,1,Fail, Monitor
18,111717,2013J,3.5,3.158536585,1,3.595588235,2,5.23828125,1.2,2.580645161,1.84375,Pass,Don't Monitor
19,113295,2013J,3.2,2.895306859,0,5.020512821,1.333333333,4.242331288,1.333333333,1.955752212,2,Pass,Don't Monitor
20,11391,2013J,0,3.711538462,0,3.45,0,7.08974359,1.181818182,2.909090909,1.25,Pass,Don't Monitor
21,114017,2013J,0,1.25,0,3.48,0,5.733333333,1.423076923,2.242857143,1.904761905,Pass,Don't Monitor
22,114999,2013J,3.333333333,2.388888889,0,2.295238095,1,3.47755102,1.227272727,1.274509804,1.142857143,Pass,Don't Monitor
23,116541,2013J,3,2.181818182,0,3.925233645,0,4.767634855,1,1.77027027,1.981481481,Pass,Don't Monitor
24,116692,2013J,0,3,0,3.214285714,0,4.556390977,1.6,2.731707317,1.75,Pass,Don't Monitor
25,117818,2014J,2,2.2,2,3.244897959,0,5.411167513,1.581395349,1.701149425,2.68,Pass,Don't Monitor
26,1183831,2014J,4.6,3.213592233,1,2.59047619,2,6.110320285,1.229166667,2.927835052,2.15,Withdrawn, Monitor
27,118983,2013J,0,1.285714286,0,2.384615385,0,4.441176471,1,1.653846154,1.25,Pass,Don't Monitor
28,119902,2014J,2.333333333,2.437209302,1,6.888888889,1.5,5.807692308,1.153846154,2.182926829,2.088888889,Withdrawn, Monitor
29,121349,2014J,6.5,2.157894737,0,2.836956522,0,8.466019417,1.3,1.443037975,1.818181818,Pass,Don't Monitor
30,123044,2013J,3,3.786407767,0,3.857142857,2,4.080952381,1,2.01010101,1.862745098,Pass,Don't Monitor
31,124064,2014J,0,2.810457516,0,3.673076923,1.5,3.182608696,1.333333333,1.621848739,1.385964912,Distinction,Don't Monitor
32,125018,2014J,4,3.724867725,0,3.151260504,2,4.506912442,1.142857143,1.581818182,1.375,Pass,Don't Monitor
33,1268696,2014J,0,2.948275862,2,3.884615385,0,1.533333333,1,1.411764706,1,Pass,Don't Monitor
34,127582,2013J,0,1.8,0,3.724137931,0,4.44,1.125,1.451612903,1.666666667,Pass,Don't Monitor
35,129955,2013J,3,1.5,0,3.7625,1,3.909677419,1,1.535714286,1.538461538,Withdrawn, Monitor
36,129955,2014J,4.2,1.5,0,2.118421053,0,4.788732394,1,1.375,0,Withdrawn, Monitor
37,130034,2014J,1.5,1.519083969,0,5.203883495,0,3.391304348,1.419354839,2.037037037,2.442307692,Pass,Don't Monitor
38,130547,2014J,7,3.666666667,1,2.382352941,0,4.865497076,1.071428571,2.146341463,1.578947368,Pass,Don't Monitor
39,130636,2014J,0,5,0,2.45,0,3.566037736,1,1.592592593,1,Pass,Don't Monitor
40,131390,2014J,0,1.7,0,4.5,0,5.615384615,1.166666667,1.166666667,0,Pass,Don't Monitor
41,132976,2013J,6,2.217391304,0,2.96875,1,5.049180328,1,1.923076923,2,Pass,Don't Monitor
42,1336190,2014J,5,2,0,4.895833333,0,4.535433071,1.375,3.235294118,2.611111111,Pass,Don't Monitor
43,133816,2014J,3,4.175531915,0,6.09375,1,5.332046332,1,2.314285714,1.740740741,Pass,Don't Monitor
44,133922,2014J,0,1.75,0,2.482758621,0,3.085106383,1.1,1.617647059,1.285714286,Pass,Don't Monitor
45,134143,2013J,3.428571429,1.384615385,0,3.678832117,2,5.92022792,1.4,1.945945946,2,Distinction,Don't Monitor
46,1352868,2013J,0,2.678571429,0,3.166666667,0,5.306666667,1,1.633333333,1,Withdrawn, Monitor
47,1352868,2014J,3,2.544444444,0,2.311111111,0,3.721518987,1,1.612903226,1,Pass,Don't Monitor
48,135335,2013J,0,0,0,2.333333333,0,2.538461538,0,1,0,Withdrawn, Monitor
49,135335,2014J,0,0,0,1.6,0,2.333333333,0,1,0,Withdrawn, Monitor
50,135400,2013J,0,1.4,0,2.652173913,0,4.382352941,1,1.708333333,1.2,Withdrawn, Monitor
51,135400,2014J,0,1,0,2.25,0,6.676470588,1,1.260869565,1.6,Pass,Don't Monitor
52,135471,2014J,3,2.103448276,1,3.42519685,0,4.841269841,1.625,1.493333333,1.355555556,Distinction,Don't Monitor
53,137873,2013J,2,3.291512915,0,5.542553191,0,7.051162791,1.173913043,1.628099174,1.391304348,Pass,Don't Monitor
54,139033,2014J,0,1.75,0,3.5,1,3.41322314,1.142857143,1.558823529,1.2,Fail, Monitor
55,1398979,2014J,2.375,3.643340858,3,4.479381443,0,2.31547619,1.578947368,1.301886792,1.153846154,Withdrawn, Monitor
56,1401935,2013J,0,3.483870968,0,2.041666667,0,3.25,1,2.142857143,0,Fail, Monitor
57,1402638,2013J,0,2.041666667,1.333333333,3.02739726,0,4.267857143,1,1.290322581,1.2,Pass,Don't Monitor
58,141355,2013J,3.5,3.4921875,0,2.988636364,0,3.383116883,1.357142857,1.745098039,1.5,Pass,Don't Monitor
59,141377,2013J,1,6.25,2,3.666666667,0,3,2,2.7,0,Withdrawn, Monitor
60,141377,2014J,0,3.076923077,0,3.827586207,0,3.022222222,1.3,2.25,3,Pass,Don't Monitor
61,1414443,2013J,4.5,2.966292135,1.75,9.441860465,1,6.432258065,1.130434783,2.096153846,3.142857143,Fail, Monitor
62,141506,2014J,0,3.4,6,3.730769231,0,2.828571429,1.142857143,2.294117647,2.333333333,Fail, Monitor
63,142326,2013J,4.5,2.937984496,0,5.284210526,0,3.706349206,1.076923077,1.868131868,2.212765957,Pass,Don't Monitor
64,144801,2013J,1,3.099259259,1,5.285,1,4.630484988,1.06,1.85,1.412371134,Pass,Don't Monitor
65,145130,2013J,0,2.882352941,0,2.848484848,0,3.417721519,1.25,2.416666667,0,Pass,Don't Monitor
66,1456619,2013J,0,4.145833333,0,3.909090909,1,4.161290323,1.1,1.7,1.25,Withdrawn, Monitor
67,1456619,2014J,0,2.869565217,4,3.290322581,0,5.578313253,1,1.620689655,1.25,Withdrawn, Monitor
68,146188,2013J,0,1.894736842,0,4.580645161,2,4.077922078,1.083333333,1.75,1,Fail, Monitor
69,146503,2014J,0,2.047619048,1,1.741935484,0,2.133333333,1,1.458333333,1.25,Pass,Don't Monitor
70,1465690,2013J,3.5,2.562770563,1,5.042424242,1,5.410138249,1.064516129,1.835820896,2,Pass,Don't Monitor
71,1471214,2014J,5,4.951219512,0,2.696969697,0,5.713235294,1,1.461538462,1.846153846,Pass,Don't Monitor
72,1472925,2013J,2,3.343283582,3,5.170212766,0,5.757575758,1.142857143,1.966666667,1.818181818,Fail, Monitor
73,1472925,2014J,0,5.058823529,0,3,0,5.282608696,1.111111111,2.307692308,2.444444444,Pass,Don't Monitor
74,147756,2013J,0,4.3,0,2.561643836,0,3.086956522,1.111111111,1.3,1.25,Fail, Monitor
75,147756,2014J,1,2.795454545,5.333333333,2.35,0,3.94047619,1.263157895,1.487804878,0,Pass,Don't Monitor
76,147793,2013J,0,4.307692308,0,3.888888889,0,5,1,2,0,Withdrawn, Monitor
77,1484804,2014J,0,1.785714286,0,3.195266272,0,3.93989071,1.166666667,1.662337662,1.266666667,Pass,Don't Monitor
78,1488959,2013J,2.333333333,4.798850575,0,4.086330935,2,6.25083612,1.272727273,2.350877193,1.72972973,Pass,Don't Monitor
79,148993,2013J,3,2.996587031,1,3.79245283,0,4.773584906,1.142857143,1.709677419,1.444444444,Withdrawn, Monitor
80,148993,2014J,0,2.506637168,0,3.298611111,0,3.736111111,1.0625,1.75,1.2,Pass,Don't Monitor
81,149741,2014J,2,4,3,4.145833333,2.5,5.076233184,1.125,2.098360656,1.888888889,Pass,Don't Monitor
82,149962,2014J,0,2.16,0,1.3125,0,3.176470588,1,1.111111111,1,Pass,Don't Monitor
83,1511033,2014J,3,0,0,4.638888889,0,3.563218391,1.111111111,3.162162162,2.666666667,Pass,Don't Monitor
84,151358,2013J,0,1.5,0,1.789473684,0,4.692307692,1,1.857142857,2.5,Pass,Don't Monitor
85,151587,2014J,0,2,0,3.368421053,1,2.21875,1,1.272727273,0,Withdrawn, Monitor
86,1518989,2013J,3,3.232044199,0,4.563909774,1,5.573770492,1.083333333,1.644736842,1.68,Pass,Don't Monitor
87,152668,2014J,0,2.365853659,0,4.823529412,0,3.807692308,1,1.75,2,Withdrawn, Monitor
88,155550,2013J,0,2.609756098,0,4.135802469,0,5.316129032,1.333333333,2.064102564,1.75,Pass,Don't Monitor
89,155854,2013J,5,2.550458716,0,5.045,1,5.559556787,1.578947368,1.853658537,1,Pass,Don't Monitor
90,155984,2013J,1,4.038461538,0,4.475,1,5.420289855,1.583333333,1.888888889,1.583333333,Withdrawn, Monitor
91,155984,2014J,3,2.3,0,4.412371134,0,3.489878543,1,1.833333333,1.975,Pass,Don't Monitor
92,157568,2013J,4,2,0,3.298850575,1,5.365853659,1,1.796875,1.688888889,Pass,Don't Monitor
93,1576513,2014J,3.4,5.776392962,0,15.16783217,1,5.459051724,2.505882353,2.258426966,2.700854701,Distinction,Don't Monitor
94,158707,2014J,3,5.684895833,3,10.10204082,0,4.625,1.142857143,2.25,2.5,Withdrawn, Monitor
95,159954,2013J,0,2.367647059,1,4.063492063,1,5.81981982,1,1.595744681,1.666666667,Withdrawn, Monitor
96,159954,2014J,0,1.608695652,1,2.882352941,0,3.833333333,1.185185185,1.304347826,1,Withdrawn, Monitor
97,1609002,2014J,3,1.475,0,2.941747573,3,3.522580645,2.555555556,1.594594595,1.380952381,Pass,Don't Monitor
98,1618738,2013J,0,7.375,1,5.111111111,0,6.02739726,1.0625,2.454545455,1,Pass,Don't Monitor
99,1620151,2013J,2,2.298245614,8,4.613636364,2.4,7.613333333,1.1,2.590909091,1,Fail, Monitor
100,1626710,2013J,4.6,3.038335159,2,5.061032864,0,5.894160584,1.625,2.127819549,1.848837209,Distinction,Don't Monitor
101,1629771,2014J,1,1.918367347,1,2.6,0,3.412698413,1.25,1.264705882,1,Distinction,Don't Monitor
102,1640609,2013J,4,3.076023392,3,4.814977974,0,5.158139535,1.090909091,1.824324324,1.479166667,Pass,Don't Monitor
103,164259,2013J,0,2.208333333,0,2.352941176,0,2.483870968,1.142857143,1.423728814,1.409090909,Pass,Don't Monitor
104,164944,2014J,0,2.412587413,1,2.289256198,0,2.684210526,1,1.50877193,1.611111111,Pass,Don't Monitor
105,165226,2014J,0,3.944444444,0,6.633333333,1,6.389473684,1.222222222,2.777777778,1.368421053,Fail, Monitor
106,1676594,2014J,0,1.5,0,4.571428571,0,8.076923077,1.25,2.5,0,Withdrawn, Monitor
107,167906,2013J,1,2.028776978,0,4.346938776,0,3.64375,1,1.865671642,2.048780488,Pass,Don't Monitor
108,167961,2014J,3,2.963414634,5,3.540983607,1.125,4.682352941,1.5,1.530120482,1.942307692,Pass,Don't Monitor
109,1686521,2013J,0,2.075,0,6.137931034,0,4.730769231,1.3,1.804347826,1.666666667,Withdrawn, Monitor
110,1686551,2014J,0,1.614285714,0,3.188679245,1.5,4.333333333,1.214285714,1.705882353,1.285714286,Withdrawn, Monitor
111,168936,2013J,6,1.929577465,0,3.19047619,0,4.238095238,1,1.225806452,1.214285714,Pass,Don't Monitor
112,1689639,2014J,0,3.10701107,9,4.710843373,0,3.763779528,1.6,2.145833333,2.217391304,Withdrawn, Monitor
113,1715896,2014J,3.666666667,3.509988249,1,6.386934673,1,3.551020408,1.380952381,1.907407407,1.384615385,Pass,Don't Monitor
114,172112,2013J,0,1.470930233,1,2.4765625,0,4.343347639,1.769230769,2.105263158,2.418181818,Pass,Don't Monitor
115,1721270,2014J,0,2.64,0,1.977272727,0,5.111111111,1.833333333,1.526315789,1.285714286,Pass,Don't Monitor
116,172797,2013J,3,4.555555556,1,5.244186047,0,5.356687898,1.16,2.21875,1.470588235,Pass,Don't Monitor
117,1729319,2013J,2,2.46779661,0,5.008196721,0,6.426829268,1.447368421,1.979166667,2.375,Pass,Don't Monitor
118,174024,2014J,1.5,1,0,2.894736842,0,6.47,1.142857143,1.52173913,1.166666667,Pass,Don't Monitor
119,174094,2014J,1,2.741935484,0,4.373873874,1,4.958579882,1.333333333,2.210526316,2.506493506,Pass,Don't Monitor
120,1746134,2013J,0,2.388888889,1.75,3.098591549,0,4.718309859,1.297297297,2.329268293,1.578947368,Pass,Don't Monitor
121,174745,2014J,0,3.012658228,1,4.326086957,0,6.903846154,1.1,2.424242424,2,Pass,Don't Monitor
122,174782,2013J,2.5,3.376271186,0,5.236947791,1.5,5.242320819,1.1875,2.369747899,2.350649351,Pass,Don't Monitor
123,175392,2013J,2,2.924686192,0,4.573604061,0,5.711956522,1.756097561,1.839622642,1.984126984,Pass,Don't Monitor
124,175447,2014J,1,2.734496124,1,3.710843373,0,3.605442177,1,1.478873239,1.258064516,Pass,Don't Monitor
125,175772,2014J,0,5.144366197,1,8.361111111,0,5.744827586,1.090909091,2.230769231,1.157894737,Withdrawn, Monitor
126,1757766,2014J,3.5,1.923076923,0,3.664335664,0,6.749244713,1.208333333,1.86407767,1.796875,Pass,Don't Monitor
127,1758449,2013J,1,3.915151515,0,6.028571429,1,6,1.333333333,1.84,1.586206897,Withdrawn, Monitor
128,175932,2013J,2.6,2.866666667,0,3.729166667,0,7.822368421,1.333333333,2.347826087,1.473684211,Pass,Don't Monitor
129,175991,2013J,0,1.857142857,0,2.117647059,0,4.333333333,0,2.3,1,Fail, Monitor
130,1763015,2013J,1,16.2,0,24.66666667,0,23.33333333,1.333333333,6.833333333,3,Withdrawn, Monitor
131,1765788,2013J,1,2.144675926,1,5.446428571,0,7.769709544,1.385964912,1.926470588,1.857142857,Pass,Don't Monitor
132,1773377,2014J,0,1.571428571,0,2.524590164,0,3.876190476,1.3,1.404255319,2.333333333,Pass,Don't Monitor
133,1799111,2014J,0,2.14,0,2.910891089,0,3.031746032,1,1.52,1.090909091,Pass,Don't Monitor
134,1801229,2013J,3,4.930555556,0,2.851851852,0,5.202797203,1.2,1.326086957,2,Pass,Don't Monitor
135,1801641,2013J,0,1.692307692,0,2.097560976,0,5.596153846,1.222222222,2.588235294,2.5,Pass,Don't Monitor
136,180753,2013J,3,2.450479233,0,2.366666667,0,2.952173913,1.090909091,1.283018868,1.2,Pass,Don't Monitor
137,181316,2013J,1,2.903846154,1,2.789473684,0,5.4,1,1.588235294,1.25,Withdrawn, Monitor
138,1818673,2014J,0,2.04,0,2.961538462,0,4.05,1,1.714285714,1.25,Fail, Monitor
139,183057,2014J,1,2.910447761,1,4.303030303,0,4.016129032,1.263157895,2.3,1.428571429,Pass,Don't Monitor
140,183096,2013J,3,2.168,0,3.387931034,0,5.705555556,1.0625,2.408450704,2.447368421,Pass,Don't Monitor
141,1839386,2014J,0,3,0,3.066666667,0,4.047619048,1,1.444444444,2,Withdrawn, Monitor
142,183947,2013J,0,2.598214286,1,3.320754717,0,3.142857143,1.275862069,1.295454545,2,Pass,Don't Monitor
143,184271,2013J,4.5,1.816901408,1,2.619469027,1,3.341666667,1.083333333,1.607142857,1,Pass,Don't Monitor
144,1847830,2013J,0,3.694444444,0,6.197478992,1,4.425287356,1,2.413793103,1.578947368,Pass,Don't Monitor
145,185350,2014J,0,5.4,0,2.04,0,3.558823529,1,1.434782609,0,Fail, Monitor
146,185439,2013J,0,2.4375,1,5,2,6.944444444,1.6,2.277777778,1,Fail, Monitor
147,1860318,2013J,5.5,4.245859873,0,6.153508772,1,4.59832636,1.307692308,1.875,2,Pass,Don't Monitor
148,186149,2013J,1.333333333,2.774193548,1,4.275229358,5.5,7.119047619,1.027777778,1.848484848,1.472727273,Pass,Don't Monitor
149,187100,2013J,2.5,3.892984542,0,9.277056277,0,4.245798319,1.136363636,3.418269231,2.697183099,Distinction,Don't Monitor
150,188278,2013J,0,2.275862069,0,7.659574468,1.5,5.028037383,1,2.385964912,2.066666667,Withdrawn, Monitor
151,188278,2014J,3.5,2.030100334,0,4.860759494,2,3.244215938,1,1.635761589,1.827586207,Pass,Don't Monitor
152,1889511,2013J,5,2.853448276,0,3.908163265,0,3.283333333,1.5625,1.880952381,1.5,Pass,Don't Monitor
153,1889577,2013J,0,2.225806452,0,3.587301587,1,4.066115702,1,1.711538462,1.5,Pass,Don't Monitor
154,1894188,2013J,3.666666667,2.2,2,3.736842105,0,15.97309417,1.363636364,2.039215686,1.125,Pass,Don't Monitor
155,189879,2013J,5,3.306451613,0,4.595238095,1,3.903703704,1.142857143,2.084745763,2.533333333,Pass,Don't Monitor
156,192183,2013J,4.5,2.47107438,0,3.965909091,0,6.046357616,1,1.910714286,1.925925926,Pass,Don't Monitor
157,1926668,2014J,3.571428571,2.9,0,3.358974359,0,5.265232975,1.277777778,1.788235294,1.952380952,Pass,Don't Monitor
158,1938355,2013J,2.666666667,2.765306122,0,3.272108844,0,4.368421053,1.25,2.071428571,1.619047619,Pass,Don't Monitor
159,1942396,2013J,0,2.483870968,0,3.021276596,0,3.918367347,1.2,1.72,1.428571429,Pass,Don't Monitor
160,1947156,2014J,4,2.104026846,0,4.304761905,1.666666667,5,1.111111111,1.741935484,1.837209302,Pass,Don't Monitor
161,195262,2013J,5,4.376623377,0,5.24137931,1,7.44,1.166666667,2.236842105,2.714285714,Withdrawn, Monitor
162,1967783,2014J,10,3.043269231,0,3.847058824,0,4.357142857,1.166666667,2.028571429,1.1,Pass,Don't Monitor
163,1970390,2013J,2.166666667,5.054582904,2.5,16.68807339,1,3.807860262,1.26,2.390862944,2.846153846,Withdrawn, Monitor
164,1970390,2014J,1.5,4.141057935,0,5.871621622,0,2.876080692,1.2,1.675675676,1.272727273,Pass,Don't Monitor
165,1975209,2014J,0,2.203703704,5.333333333,4.184713376,0,6.891891892,2.263157895,1.93,1.790697674,Pass,Don't Monitor
166,1976139,2013J,3,2.166666667,0,4.083333333,0,3.706666667,1.142857143,2.378378378,1.222222222,Pass,Don't Monitor
167,199636,2014J,2,2.510204082,0,3.888888889,0,4.809128631,1.407407407,1.563380282,1.606060606,Pass,Don't Monitor
168,199897,2014J,1,1.844444444,0,3.507936508,2,4.006349206,1.269230769,1.403669725,1.948717949,Pass,Don't Monitor
169,200804,2014J,0,3.395833333,0,1.943396226,1,3.598802395,1.076923077,1.379310345,1.166666667,Pass,Don't Monitor
170,200860,2013J,0,1.436363636,0,2.456790123,0,2.6,1,1.888888889,1,Pass,Don't Monitor
171,2010232,2014J,3,3.347248577,6,7.128378378,2,4.133587786,1.225,1.7625,1.666666667,Pass,Don't Monitor
172,2011876,2013J,16,2.935483871,1,3.851851852,1,4.132183908,1.090909091,2.449275362,1.6,Pass,Don't Monitor
173,2012966,2013J,0,3.259259259,0,3.5,0,5.372093023,1.153846154,2.043478261,1.25,Pass,Don't Monitor
174,202635,2013J,0,3.67114094,0,6.434782609,2.666666667,7.753846154,1,2.315789474,1.571428571,Withdrawn, Monitor
175,2045084,2014J,0,2.214285714,0,5.461538462,0,5.4,1.59375,1.823529412,1.4,Fail, Monitor
176,2051699,2013J,2,4.833333333,0,4.52173913,1,4.977142857,1.25,2.4375,1.666666667,Pass,Don't Monitor
177,205350,2013J,4,3.583333333,0,3.063636364,1.333333333,3.17032967,2.185185185,1.5,1.269230769,Pass,Don't Monitor
178,205494,2014J,0,5.333333333,0,2.689655172,0,6.871794872,1,1.962962963,2.066666667,Pass,Don't Monitor
179,205719,2013J,0,1.625,0,2.53125,0,4.948717949,1,1.304347826,1.1,Fail, Monitor
180,2057803,2014J,0,3.847933884,0,4.462585034,0,5.212121212,1.555555556,2.08,2.4,Pass,Don't Monitor
181,2062879,2013J,5.666666667,3.223300971,0,3.055172414,0,4.282157676,1.4,1.7375,1.452830189,Fail, Monitor
182,2065691,2013J,0,3,1,13.14705882,0,5.552238806,1,2.886792453,3.5,Withdrawn, Monitor
183,2073016,2013J,0,2.033898305,0,2.919354839,3,4.6125,1.142857143,1.375,1.487804878,Withdrawn, Monitor
184,2073016,2014J,0,2,0,2.25,0,3.727272727,1,1.333333333,1,Fail, Monitor
185,2080474,2013J,2.75,3.109090909,0,2.756410256,0,5.177777778,1,1.510204082,1.380952381,Pass,Don't Monitor
186,2083877,2013J,0,2.642857143,0,3.230769231,0,3.225806452,1.125,1.666666667,1.625,Pass,Don't Monitor
187,2084066,2013J,0,4.838383838,0,3.476744186,2,5.154228856,2.444444444,2.14893617,1.272727273,Fail, Monitor
188,2085209,2014J,3.75,2.582987552,0,6.529880478,1,7.18537859,1.272727273,1.863945578,2.329411765,Pass,Don't Monitor
189,2086400,2014J,4,1.775330396,0,3.94017094,0,3.503856041,1.217391304,1.621212121,1.553398058,Pass,Don't Monitor
190,2104505,2013J,0,4.9375,0,2.641509434,0,5.038461538,1.5,1.964285714,1.5625,Pass,Don't Monitor
191,2122180,2013J,5,4.17791411,5,5.651315789,3,6.356125356,1.458333333,1.724137931,1.580645161,Distinction,Don't Monitor
192,2139353,2013J,7,2.407407407,0,1.973684211,0,4.507042254,1.214285714,2.024390244,2.126984127,Withdrawn, Monitor
193,2139353,2014J,5,2.117647059,0,1.560606061,0,4.837349398,1,1.648148148,1.975,Pass,Don't Monitor
194,2143752,2013J,0,2.315789474,0,4.765432099,1,7.822695035,1.857142857,3.4,3.444444444,Pass,Don't Monitor
195,2146792,2013J,7.75,2.403225806,0,2.45212766,0,4.469135802,1.2,2.125,1.111111111,Pass,Don't Monitor
196,2148681,2014J,4.5,7.836956522,0,3.666666667,1,5.300518135,1.333333333,1.696428571,1.866666667,Pass,Don't Monitor
197,2149225,2013J,0,5.125,1,5.25,0,4.416666667,1.111111111,2.272727273,1,Withdrawn, Monitor
198,2153153,2013J,3,2.521410579,0,5.081818182,2,7.17167382,1,2,2.083333333,Pass,Don't Monitor
199,2155014,2013J,0,7.274509804,1,3.035714286,4,6.328125,1,1.487179487,1.416666667,Pass,Don't Monitor
200,2158048,2014J,6,3.717948718,0,6.636363636,0,7.677419355,1.333333333,2.095238095,1.8,Withdrawn, Monitor
201,2158196,2014J,1,3.759259259,2,5.095238095,0,3.021276596,1.0625,2.1,2.454545455,Withdrawn, Monitor
202,2164705,2013J,0,2.789473684,0,2.363636364,0,4.103448276,1,2.25,1.333333333,Fail, Monitor
203,2165164,2014J,2.5,1.703349282,0,3.077586207,1.75,4.580838323,1.111111111,1.708333333,1.344827586,Pass,Don't Monitor
204,2168833,2014J,0,0,0,1.333333333,0,2,0,1,0,Withdrawn, Monitor
205,2171627,2013J,3.25,2.658064516,0,2.98630137,1,5.727272727,1.066666667,1.428571429,1.25,Pass,Don't Monitor
206,2182846,2013J,5.5,2.609004739,0,3.573170732,0,4.85770751,1.277777778,1.728571429,1.3125,Pass,Don't Monitor
207,2194100,2013J,0,3.726315789,0,3.242105263,0,4.391304348,1,1.988764045,1.62962963,Pass,Don't Monitor
208,2197016,2013J,3,3.258426966,0,3.666666667,0,5.290780142,1,1.476190476,1.243902439,Pass,Don't Monitor
209,2207874,2014J,0,5.736842105,0,3,0,2.615384615,1.25,1.722222222,1.333333333,Fail, Monitor
210,2208424,2013J,1,2.418803419,1,3.848484848,1,4.471910112,1.375,1.535714286,1.259259259,Pass,Don't Monitor
211,2229865,2013J,6.833333333,3.746323529,0,3.898809524,1,4.919786096,1.219512195,2.323943662,2.340425532,Pass,Don't Monitor
212,2240349,2014J,2,1.996688742,1,4.895522388,1,5.839662447,1.375,2.520325203,2.018867925,Pass,Don't Monitor
213,2244332,2014J,3,4.88527017,0,15.91304348,2,4.150641026,1.0625,1.353982301,1.323076923,Distinction,Don't Monitor
214,2255601,2013J,5,2.434599156,1,4.802469136,1,6.771028037,1.142857143,1.615384615,1.25,Withdrawn, Monitor
215,2268379,2013J,10,2.447826087,0,2.838983051,1,3.899328859,1.041666667,1.602739726,1.592592593,Pass,Don't Monitor
216,2273119,2014J,0,4.5,0,1.833333333,0,2.473684211,1,3.75,1.5,Withdrawn, Monitor
217,227499,2013J,3.333333333,4.344481605,0,4.12345679,0,4.154696133,1.4,1.355263158,1.408450704,Distinction,Don't Monitor
218,227517,2013J,0,2.514018692,0,2.971014493,1,4.5078125,1.4,2,1.428571429,Fail, Monitor
219,2277857,2014J,3,3.589552239,4,2.98630137,2,4.798780488,1.153846154,1.417910448,1.204081633,Pass,Don't Monitor
220,2278464,2013J,0,2.333333333,0,2.59375,0,3.551020408,1.5,1.6,1,Pass,Don't Monitor
221,228021,2014J,2.666666667,2.205128205,0,5.57591623,1,3.883227176,1.258064516,1.540540541,1.407407407,Distinction,Don't Monitor
222,228082,2013J,1,2.25,0,1.540540541,0,1.682926829,1.083333333,1.84375,1,Pass,Don't Monitor
223,228222,2013J,0,2.205128205,0,3.5,0,3.454545455,1.333333333,1.615384615,1.846153846,Pass,Don't Monitor
224,228383,2014J,4,1.571428571,0,4.604395604,1,6.541832669,1.25,1.777777778,2.171428571,Pass,Don't Monitor
225,229179,2013J,0,3.75,0,2.9,0,6.847826087,1,1.827586207,1.727272727,Pass,Don't Monitor
226,229361,2013J,5,1.666666667,0,3.152542373,0,4.859375,1,2.24,2.28,Pass,Don't Monitor
227,2293923,2013J,1,1.5,0,2.5,0,4.227272727,1,1.555555556,1,Pass,Don't Monitor
228,2297896,2014J,0,1.631578947,0,2.875,0,3.770114943,1.3,1.564102564,1.384615385,Pass,Don't Monitor
229,2312620,2013J,1,3.578947368,1,3.930232558,1,4.905511811,1.2,1.842105263,1.380952381,Withdrawn, Monitor
230,2313257,2014J,0,4,0,2.5,0,3.25,0,1,0,Withdrawn, Monitor
231,231554,2013J,1,3.303030303,0,3.846153846,0,5.698324022,1,2.028571429,1.333333333,Pass,Don't Monitor
232,2318055,2014J,0,3.058441558,0,2.585365854,1,4.927083333,1.3,1.357142857,1.166666667,Pass,Don't Monitor
233,232307,2014J,2.333333333,3.21875,1,3.486486486,0,5.366197183,1.117647059,2.192307692,2.5,Pass,Don't Monitor
234,2329342,2013J,0,1.869565217,0,3.8,1,4.016666667,1.125,2.243902439,1.769230769,Pass,Don't Monitor
235,2330254,2014J,0,2.393305439,0,4.993589744,0,4.405263158,1.142857143,1.577777778,1.647058824,Pass,Don't Monitor
236,2339528,2013J,0,3.558823529,0,3.44,0,5.211538462,1.1,3.12,2.888888889,Distinction,Don't Monitor
237,2342426,2013J,5.5,1.637037037,0,4.961165049,0,5.208860759,1.142857143,2,2.325,Fail, Monitor
238,2344901,2013J,0,1,0,2.866666667,0,3.954545455,1.333333333,2.333333333,1.454545455,Fail, Monitor
239,235068,2014J,9,3.768115942,0,5.184931507,1,4.016759777,1.125,1.902912621,2.473684211,Pass,Don't Monitor
240,235507,2013J,0,1.2,0,1.7,0,4.3,1,1.4,1.5,Withdrawn, Monitor
241,235507,2014J,3.666666667,1.925531915,1,2.35,1,2.5,1,1.418181818,1.666666667,Pass,Don't Monitor
242,2355470,2014J,0,1.5,0,1.823529412,0,2.772727273,1,1.3125,1,Pass,Don't Monitor
243,2358056,2013J,2.666666667,4,1,2.674796748,0,3.807511737,1.316666667,2.107526882,1.5,Fail, Monitor
244,2358969,2013J,1,2.8,0,4.318181818,1,4.714285714,1.111111111,2.055555556,1,Withdrawn, Monitor
245,2358969,2014J,3,2.782608696,1.5,4.467889908,0,3.860824742,1,1.625,1.25,Pass,Don't Monitor
246,236284,2013J,0,8.285714286,0,2.292682927,0,4.568807339,1.125,1.638888889,1.555555556,Pass,Don't Monitor
247,2363863,2014J,5,2.571428571,0,6.267676768,1,4.155902004,1.142857143,1.741496599,1.9375,Distinction,Don't Monitor
248,2364471,2013J,2.666666667,3.004108463,1,5.514056225,2,3.942307692,1.142857143,1.572093023,1.367088608,Pass,Don't Monitor
249,2367155,2013J,3,1.588235294,0,4.612903226,0,6.389671362,1.166666667,1.822222222,1.962962963,Pass,Don't Monitor
250,236875,2014J,0,1,0,1.615384615,0,2.125,1,1.185185185,0,Pass,Don't Monitor
251,2369266,2013J,0,4.831460674,0,3.542857143,0,5.992424242,1,2.827586207,2.108108108,Pass,Don't Monitor
252,2369415,2014J,0,2.666666667,0,2.746031746,0,3.634920635,1.555555556,1.675,1,Pass,Don't Monitor
253,237274,2014J,4.333333333,1.84501845,0,2.445121951,1,3.600746269,1.133333333,1.53030303,1.4,Pass,Don't Monitor
254,2375975,2014J,2.714285714,3.196666667,2,4.710843373,0,6.4,1.38,2.739130435,1,Pass,Don't Monitor
255,2376496,2013J,5,2.028169014,1,2.861111111,1,3.548780488,1.083333333,1.535714286,1.555555556,Pass,Don't Monitor
256,238007,2013J,4,2.503649635,3,2.413580247,0,3.350694444,1.117647059,1.615384615,1.379310345,Pass,Don't Monitor
257,2391984,2013J,0,8.666666667,0,2.952380952,0,4.913043478,1,1.655172414,1.545454545,Withdrawn, Monitor
258,2397661,2014J,5,3.371212121,0,5.976744186,0,5.905109489,1.777777778,2.214285714,3.5,Pass,Don't Monitor
259,2398313,2014J,4,2.200527704,1,4.900621118,0,5.87109375,1.125,1.733333333,1.3,Pass,Don't Monitor
260,2404408,2014J,0,2.415492958,0,2.452830189,0,5.075471698,1,2.095238095,1.285714286,Fail, Monitor
261,240712,2013J,0,1.8,0,2.461538462,0,4.096153846,1,1.375,2,Pass,Don't Monitor
262,240884,2013J,0,2,0,2.071428571,0,3.078125,1,1.804347826,1.071428571,Pass,Don't Monitor
263,2411661,2013J,4,6.954545455,0,4.173913043,3,6.526315789,1,2.043478261,1.545454545,Fail, Monitor
264,2411778,2013J,0,3.375,0,3.476190476,0,9.438016529,1.2,1.818181818,1,Withdrawn, Monitor
265,2412002,2013J,3.066666667,4.217054264,6.5,3.961956522,1.5,3.633540373,1.2,1.644859813,1.655172414,Distinction,Don't Monitor
266,2412967,2013J,7,2.5,0,2.76969697,0,5.672489083,1,2.2109375,2.285714286,Pass,Don't Monitor
267,241649,2013J,3.25,2.152173913,0,2.691729323,0,4.626984127,1.142857143,1.847457627,1.538461538,Pass,Don't Monitor
268,241729,2013J,5,2.052631579,0,4.208695652,0,3.28125,1.05,1.58974359,1.833333333,Fail, Monitor
269,2425993,2014J,0,1.833333333,0,2.638888889,0,6.522222222,1.071428571,1.285714286,1,Pass,Don't Monitor
270,242793,2013J,0,2.588235294,0,2.479166667,0,3.079365079,1.19047619,1.763157895,1.153846154,Pass,Don't Monitor
271,2429854,2013J,0,3.666666667,0,3.470588235,0,5.918032787,1.25,2.655172414,1.7,Withdrawn, Monitor
272,2429854,2014J,0,3,0,3.1,0,3.5,0,2.636363636,0,Fail, Monitor
273,2432796,2014J,2,3.314285714,0,3.58,0,4.96460177,1.1,1.658536585,2.363636364,Pass,Don't Monitor
274,2434159,2014J,0,2.666666667,0,1.757575758,0,2.184210526,1.25,1.5,1,Pass,Don't Monitor
275,243510,2014J,0,2.283333333,0,3.684210526,0,3.533333333,1,1.518518519,1.625,Fail, Monitor
276,2436812,2014J,0,4.380952381,0,3.611111111,0,3.486111111,1.647058824,1.666666667,1.6,Fail, Monitor
277,2437837,2013J,7,3.523529412,0,4.616161616,0,5.289156627,1,1.979591837,1.76744186,Pass,Don't Monitor
278,244246,2014J,0,2.714285714,0,3.070707071,1.5,4.1,1.4,1.862745098,1.806451613,Pass,Don't Monitor
279,2449878,2013J,0,2.787234043,1,3.210526316,0,2.597826087,1.541666667,1.612903226,1.25,Pass,Don't Monitor
280,2456480,2013J,0,1.25,0,2.523809524,0,3.636363636,1,1.85,1.666666667,Fail, Monitor
281,2457256,2013J,0,2.20754717,0,3.02247191,0,6.119318182,1.133333333,1.4,1.481481481,Pass,Don't Monitor
282,2458355,2013J,5,2.875,0,5.364035088,0,4.0625,1,2.527522936,2.416666667,Pass,Don't Monitor
283,2460080,2013J,4.833333333,2.763313609,0,3.04519774,1,8.077192982,1,1.675,1.25,Pass,Don't Monitor
284,2461190,2013J,0,4.578947368,0,2.923076923,1,6.417721519,1.571428571,2.078947368,1.869565217,Fail, Monitor
285,2467267,2014J,0,1.5,0,1.45,0,2.066666667,1.166666667,1.117647059,1,Pass,Don't Monitor
286,246834,2013J,1.666666667,2.963636364,1,3.104477612,0,4.917355372,1.363636364,2.242424242,1.444444444,Pass,Don't Monitor
287,2469673,2013J,0,2.775510204,0,3.6875,1,3.931818182,1.333333333,2.689655172,2.25,Fail, Monitor
288,2470694,2013J,1,2.95508982,1,4.936363636,0,3.852713178,1.142857143,1.666666667,1,Withdrawn, Monitor
289,2470694,2014J,0,2.302884615,1,3.770491803,0,2.893617021,1.677419355,1.9,1,Fail, Monitor
290,24734,2014J,0,2.194444444,0,2.555555556,1,2.476923077,1,1.08,1.125,Pass,Don't Monitor
291,2473538,2014J,2.75,2.707482993,3.4,5.26,1,3.281914894,1.22,1.553571429,1.75,Pass,Don't Monitor
292,2474849,2014J,0,2.333333333,1,5,0,4.043478261,1,3.25,0,Withdrawn, Monitor
293,2479954,2013J,0,2.875,0,1.972972973,0,3.454545455,1,1.380952381,1,Pass,Don't Monitor
294,2481901,2013J,2,3.557939914,0,4.773195876,0,4.503703704,1,1.576923077,1,Pass,Don't Monitor
295,248270,2013J,5,1.403125,0,4.331606218,3,3.834482759,1,1.307692308,1.470588235,Pass,Don't Monitor
296,2482700,2013J,5,4.358333333,0,3.019417476,2,4.925170068,1.25,1.25,1,Pass,Don't Monitor
297,248581,2014J,3,2.229508197,0,4.351145038,1,4.469626168,1.333333333,1.418181818,1.111111111,Distinction,Don't Monitor
298,2486127,2013J,0,1.861290323,0,5.535353535,0,4.268518519,1.133333333,2,1,Pass,Don't Monitor
299,2494700,2014J,4.5,2.525073746,0,4.086021505,2,3.875,1.071428571,1.67826087,2.085365854,Pass,Don't Monitor
300,2498700,2013J,4.666666667,2.801104972,0,3.366666667,0,4.648148148,1.081632653,2.017699115,1.59375,Pass,Don't Monitor
301,2500258,2014J,4,3.206349206,0,2.786259542,0,5.457489879,1.083333333,1.24137931,1,Pass,Don't Monitor
302,2507842,2014J,0,2.773333333,0,5.885714286,1,5.546218487,1,2.771428571,1.421052632,Withdrawn, Monitor
303,2509639,2014J,1,3.038461538,0,2.277777778,1,3.806451613,1.066666667,1.453125,1.304347826,Pass,Don't Monitor
304,2514368,2014J,2,2.2,3,2.233333333,0,4.01754386,1.166666667,1.566666667,1.1,Distinction,Don't Monitor
305,2514898,2014J,3.2,3.635294118,1,3.431818182,1,4.48,1.776119403,1.815384615,1.620689655,Pass,Don't Monitor
306,2516503,2013J,7,1.935606061,0,4.575757576,0,4.728643216,1.181818182,1.41025641,1.479166667,Pass,Don't Monitor
307,2518069,2013J,5,3.701219512,0,3.370786517,0,4.27027027,1.2,1.709677419,2,Pass,Don't Monitor
308,252073,2014J,1,3.1,0,2.328767123,0,3.855932203,1.136363636,1.597701149,1.448275862,Pass,Don't Monitor
309,2521459,2013J,4,3.776859504,0,3.146666667,0,2.917647059,1.090909091,1.66,1.9,Pass,Don't Monitor
310,2521865,2014J,2,4.322440087,0,5.175572519,1,4.607758621,1.035714286,1.680555556,1.45,Pass,Don't Monitor
311,2522927,2014J,5,2.895277207,0,5.708108108,0,4.293800539,1.4375,1.928,1.853333333,Pass,Don't Monitor
312,2523736,2013J,0,1.485714286,0,2.32,1,2.386363636,1,1.2,0,Pass,Don't Monitor
313,2529279,2013J,0,2.702970297,0,4.571428571,0,5.211111111,1.153846154,1.911111111,2.416666667,Pass,Don't Monitor
314,2532302,2013J,0,3.418604651,0,3.775862069,0,3.950819672,1.235294118,1.954545455,1.538461538,Pass,Don't Monitor
315,2536991,2013J,2,2.504587156,0,2.778947368,0,4.5375,1.125,1.666666667,1.777777778,Distinction,Don't Monitor
316,2540168,2014J,0,2.894736842,0,3.166666667,0,5.13,1.428571429,1.913043478,2.25,Withdrawn, Monitor
317,2542724,2013J,0,3.894736842,0,5.555555556,1,6.545454545,1,1.909090909,1,Withdrawn, Monitor
318,254625,2014J,7,2.128205128,0,3.158878505,0,4.448669202,1,1.694444444,1.648148148,Distinction,Don't Monitor
319,2546445,2014J,1,3.109452736,0,7.063492063,1.5,6.420382166,1.25,2.491525424,3.258064516,Withdrawn, Monitor
320,2550279,2013J,6,5.549295775,0,3.963636364,0,5.471428571,2.142857143,2.761904762,2.835294118,Pass,Don't Monitor
321,2551220,2013J,4,3.423076923,0,2.024390244,1,3.453441296,1,1.338709677,1.147058824,Pass,Don't Monitor
322,2551797,2014J,2,2.620915033,0,2.326086957,0,4.476190476,1.048780488,1.863636364,1,Pass,Don't Monitor
323,2551932,2014J,0,3.368421053,0,1.944444444,0,2.436363636,1.714285714,1.357142857,1,Withdrawn, Monitor
324,2552472,2013J,0,8.846153846,0,6.307692308,0,6.279069767,1.5,2.533333333,1.6,Withdrawn, Monitor
325,2555340,2013J,2.666666667,4.06122449,0,4.554216867,3,5.949458484,1,1.697674419,1.381818182,Pass,Don't Monitor
326,255548,2013J,1,3.337278107,2,3.654545455,0,4.148594378,1,1.786259542,1.47826087,Pass,Don't Monitor
327,2557283,2013J,2.6,3.315513627,1.5,6.97983871,0,4.711790393,1.147058824,1.489130435,1.2,Pass,Don't Monitor
328,2559575,2013J,1,2.740740741,0,2.568627451,0,3.846938776,1.666666667,1.666666667,1,Pass,Don't Monitor
329,2562034,2013J,0,0,0,2.9375,0,7.263157895,1.25,2.35,1.5,Pass,Don't Monitor
330,2566163,2013J,3,4.202531646,1,4.204819277,0,4.668965517,1.3,2.25,2.076923077,Pass,Don't Monitor
331,2566592,2013J,1,2.515625,1,2.407407407,0,5.094444444,1,1.558823529,1.357142857,Pass,Don't Monitor
332,256815,2013J,3,1.582089552,0,3.417266187,0,3.792349727,1.323529412,1.682926829,1.4,Pass,Don't Monitor
333,2569324,2013J,0,0,0,2.666666667,0,6,0,0,0,Withdrawn, Monitor
334,2569324,2014J,0,1.296296296,0,2.163265306,0,3.605263158,1.076923077,1.266666667,0,Pass,Don't Monitor
335,2574528,2013J,0,2.207317073,0,2.573333333,0,3.949152542,1,1.240506329,1.258064516,Pass,Don't Monitor
336,2574583,2013J,3.5,2.892857143,0,2.7109375,1,6.279816514,1.111111111,2.03125,1,Pass,Don't Monitor
337,2574990,2014J,7,7.458333333,4.5,3.867256637,3,4.973913043,1.090909091,2.89010989,2.805970149,Fail, Monitor
338,2576122,2013J,1,1.235294118,0,5,0,3.8,1,1.333333333,1.75,Withdrawn, Monitor
339,2576122,2014J,0,0,0,2.666666667,0,2,0,1,0,Fail, Monitor
340,2578676,2014J,3,3.096774194,0,3.286956522,0,4.048387097,1,1.68852459,2.125,Pass,Don't Monitor
341,2578995,2013J,10,1.760416667,0,2.757575758,0,4.032258065,1,1.886792453,1.692307692,Pass,Don't Monitor
342,2581477,2014J,5.333333333,3.773255814,2,5.202643172,1,4.303703704,1.347222222,1.78125,1.676470588,Pass,Don't Monitor
343,258392,2013J,0,2.266666667,2,2.755102041,1,4.473684211,1.709677419,1.623188406,2.086956522,Pass,Don't Monitor
344,2584873,2014J,0,3.380952381,0,3.760416667,1,3.272189349,1.55,1.464788732,1.583333333,Pass,Don't Monitor
345,258587,2014J,3.5,2.568720379,0,6.414634146,0,6.855172414,1.185185185,2.76875,3.373493976,Distinction,Don't Monitor
346,2586560,2013J,2.666666667,3.949416342,1,4.454545455,1,6.077777778,1,1.544444444,1.542372881,Pass,Don't Monitor
347,258894,2013J,3,2.155148096,0,5.980392157,0,5.883495146,3.93220339,1.840909091,0,Pass,Don't Monitor
348,2594139,2013J,5,4.271186441,0,6,3,10.6952381,1.111111111,2.145833333,1.92,Pass,Don't Monitor
349,2595841,2014J,0,2.64556962,0,3.684210526,1,5.070707071,1.125,1.5,1.333333333,Fail, Monitor
350,2596621,2014J,5.166666667,3.719750195,1,4.038647343,2,5.045325779,1.137931034,1.633663366,1.590909091,Pass,Don't Monitor
351,2598871,2013J,6,3.2125,0,4.048780488,1,4.207746479,1,1.710526316,1,Pass,Don't Monitor
352,2599352,2013J,2.5,2.440677966,0,3.276315789,0,4.99137931,1.181818182,2.725,2.541666667,Pass,Don't Monitor
353,2600688,2013J,0,2.884615385,0,3.833333333,0,5.631578947,1.166666667,2.55,1.857142857,Pass,Don't Monitor
354,2601889,2014J,2.666666667,2.531073446,0,2.473333333,1,3.698924731,1.142857143,1.276315789,1.368421053,Pass,Don't Monitor
355,2602338,2014J,2,3.305555556,0,2.492063492,0,3.623931624,1,1.303571429,1.590909091,Fail, Monitor
356,260355,2013J,0,1.666666667,0,3.23255814,0,4.822222222,1,1.4,1,Withdrawn, Monitor
357,2606098,2013J,0,1.878787879,0,2.046511628,0,3.695652174,1.470588235,1.694444444,0,Pass,Don't Monitor
358,260623,2014J,0,2.315315315,0,3.470588235,0,3.847328244,1.333333333,1.530612245,1.791666667,Pass,Don't Monitor
359,2606802,2014J,0,2.333333333,0,2.333333333,2,2.53030303,1,1.35483871,1.3,Fail, Monitor
360,2613116,2013J,0,3.588235294,0,2.813559322,0,6.551181102,1.4,2.024390244,2.133333333,Pass,Don't Monitor
361,2617002,2013J,3,2.461538462,0,2.451219512,1,5.513513514,1.235294118,1.308823529,1.4,Pass,Don't Monitor
362,26192,2014J,3,1.75,0,4.449152542,0,4.356060606,1.142857143,2.016129032,2.16,Distinction,Don't Monitor
363,262011,2013J,0,2.637362637,2,2.926470588,1,5.021276596,1.125,1.793650794,1.578947368,Pass,Don't Monitor
364,2620584,2013J,0,1.333333333,0,5.8,0,4,1.2,1.8,0,Fail, Monitor
365,2624961,2014J,0,1.842105263,0,2.138888889,1,3.255319149,1,1.41025641,1.4,Fail, Monitor
366,262934,2013J,0,2.488789238,0,5.008403361,0,4.53125,1.235294118,2.403846154,1.85483871,Pass,Don't Monitor
367,2630087,2014J,0,1.833333333,0,3.571428571,0,3.25,1,2.5,1,Withdrawn, Monitor
368,263251,2014J,3,8.474137931,1,3.583333333,0,4.384955752,1.823529412,1.641509434,1.5,Pass,Don't Monitor
369,2633226,2014J,0,28.5,0,4.073170732,0,4.949275362,2.9,1.392857143,2.75,Pass,Don't Monitor
370,263543,2014J,2,1.591549296,0,2.415584416,0,3.257261411,1.117647059,1.469026549,1.630952381,Pass,Don't Monitor
371,2639449,2013J,0,2.369863014,1,3.673913043,0,3.28358209,1,1.566666667,1.2,Pass,Don't Monitor
372,263952,2014J,0,2.308270677,1,3.442105263,1,5.551181102,1.090909091,1.234042553,1.166666667,Distinction,Don't Monitor
373,2639540,2013J,3,1.934383202,0,3.362204724,2,3.991803279,3.333333333,1.474358974,1.575,Pass,Don't Monitor
374,2639641,2013J,5,2.891891892,0,3.238410596,0,5.039106145,1.444444444,1.515789474,1.355555556,Pass,Don't Monitor
375,2641155,2013J,2.5,1.931914894,0,5.277777778,1,4.945205479,1.142857143,1.748663102,1.847826087,Pass,Don't Monitor
376,2642616,2014J,3.25,2.976923077,1,3.830769231,0,2.373076923,1.594594595,2.43373494,1.642857143,Pass,Don't Monitor
377,2642935,2014J,3.5,3.073129252,0,3.887804878,3,3.882352941,1,1.899224806,1.657142857,Distinction,Don't Monitor
378,2643002,2013J,3,2.802588997,2,6.075471698,1,2.908366534,1.418181818,1.788461538,2,Pass,Don't Monitor
379,2645733,2013J,0,1.780821918,3,3.428571429,0,4.344444444,1.517241379,1.5,1.2,Pass,Don't Monitor
380,2648611,2014J,4,2.081632653,1,2.902777778,1,3.234042553,1.095238095,1.517241379,1.142857143,Pass,Don't Monitor
381,2649800,2014J,0,2,0,2.698795181,0,4.680412371,1.272727273,1.357142857,2.133333333,Pass,Don't Monitor
382,2649826,2013J,2.5,3.185735513,1,6,0,5.004651163,1.618181818,1.548387097,1.920634921,Distinction,Don't Monitor
383,2650282,2013J,11,2.272727273,0,2.321428571,0,3.384615385,1.166666667,1.620689655,1.708333333,Pass,Don't Monitor
384,2654628,2014J,0,2.866666667,0,2.528571429,0,6.264705882,1.1,1.395833333,1.25,Pass,Don't Monitor
385,2664024,2013J,4.5,2.258064516,0,2.486111111,0,3.906779661,1.285714286,1.487179487,1.157894737,Pass,Don't Monitor
386,266524,2014J,0,1.704545455,0,2.888888889,0,2.375,1.272727273,1.151515152,0,Pass,Don't Monitor
387,2666246,2013J,5,3,0,2.434782609,0,3.717647059,1.230769231,1.944444444,1.111111111,Pass,Don't Monitor
388,2669816,2013J,0,1.5,0,2.777777778,0,2.43902439,1,1.631578947,1.375,Fail, Monitor
389,2671132,2013J,3,4.074074074,1,4.32231405,0,7.720720721,1.111111111,2.817391304,2.484375,Pass,Don't Monitor
390,2676809,2013J,0,2.289473684,0,2.846153846,0,2.652173913,1.272727273,2.206896552,1.285714286,Fail, Monitor
391,2677624,2014J,0,3.142857143,1,2.642857143,0,4.11038961,1.166666667,1.64556962,1.259259259,Pass,Don't Monitor
392,2678643,2013J,2,2.744186047,5,3.75,1,7.174698795,1.222222222,2.064516129,2.117647059,Pass,Don't Monitor
393,2680312,2014J,4,3.097368421,0,5.407407407,0,6.654255319,1.157894737,2.612244898,2.717391304,Pass,Don't Monitor
394,268073,2013J,4,4.931034483,0,5.043103448,0,5.73015873,1.076923077,1.765432099,1.666666667,Fail, Monitor
395,2685865,2013J,3.4,2.06504065,0,4.035353535,0,3.966005666,1.071428571,1.218181818,1.285714286,Pass,Don't Monitor
396,268733,2013J,0,2.333333333,0,2.111111111,0,6.15,0,1.5,1,Withdrawn, Monitor
397,268733,2014J,0,0,0,3,0,0,0,0,0,Fail, Monitor
398,2688067,2013J,0,1,2,3.5,0,7,1.166666667,1.333333333,0,Pass,Don't Monitor
399,2688166,2014J,0,2.833333333,0,3,0,4.671232877,1.142857143,1.714285714,1.846153846,Pass,Don't Monitor
400,2689958,2013J,3,2.044117647,1,3.023346304,0,3.246031746,1.228571429,1.512562814,1.530973451,Distinction,Don't Monitor
401,2690062,2014J,0,1.636363636,0,4.333333333,0,3.971428571,2,2.5,2,Withdrawn, Monitor
402,2691206,2013J,2.333333333,2.375,3,3.028248588,1,3.693939394,1.2,1.382113821,1.083333333,Distinction,Don't Monitor
403,2691244,2013J,0,1.903225806,2,2.28,0,4.108108108,1.060606061,1.133333333,1,Pass,Don't Monitor
404,2692514,2014J,3,3.743135518,0,6.812274368,0,2.530864198,1,1.661290323,0,Pass,Don't Monitor
405,2694424,2013J,0,3.389945652,0,5.199029126,0,2.554744526,1.757575758,1.692307692,1.743589744,Pass,Don't Monitor
406,2694788,2014J,0,1.333333333,0,2,0,1.8125,1,1.5,0,Fail, Monitor
407,2698257,2013J,0,2.61038961,0,2.462686567,0,3.677777778,1.2,2.444444444,1,Pass,Don't Monitor
408,271251,2013J,3.5,2.145454545,0,5.265625,0,8.038135593,1.842105263,3.01754386,3.211764706,Pass,Don't Monitor
409,273346,2014J,3.4,2.104347826,0,4.300699301,0,3.820408163,1.428571429,1.659340659,2.0625,Pass,Don't Monitor
410,274947,2014J,0,2.192307692,0,2.692307692,0,4,1,1.55,0,Withdrawn, Monitor
411,275674,2014J,1.5,2.356521739,1,4.213675214,0,4.3,1.222222222,2.118421053,2.053571429,Withdrawn, Monitor
412,275792,2014J,0,1.428571429,0,2.818181818,2,2.862385321,1.461538462,1.4,1,Pass,Don't Monitor
413,277123,2014J,0,3.777777778,0,3.428571429,0,3.24137931,1,1.6,1.777777778,Fail, Monitor
414,277880,2013J,0,2.927631579,2.666666667,5.051948052,1,6.256097561,1,2.15625,0,Withdrawn, Monitor
415,277880,2014J,0,0,0,2,0,1,0,1,0,Withdrawn, Monitor
416,279572,2013J,0,2.47826087,0,3.126984127,0,5.422535211,1.5,2.457142857,1,Distinction,Don't Monitor
417,28061,2014J,3.5,3,0,2.762237762,1,2.881443299,1.16,1.428571429,1.571428571,Pass,Don't Monitor
418,281022,2013J,0,2.571428571,0,1.872340426,0,3.987341772,1.142857143,1.3,1,Pass,Don't Monitor
419,281077,2014J,0,1.792207792,0,3.666666667,0,3.112359551,1.428571429,1.850746269,1.954545455,Pass,Don't Monitor
420,281250,2013J,1,1.470588235,0,2.066666667,0,2.388888889,1,1.210526316,1,Fail, Monitor
421,281589,2013J,0,2.625,0,2,0,1.909090909,0,1,0,Fail, Monitor
422,281636,2014J,1,1.875,0,4.727272727,0,4.002890173,1.367346939,1.671428571,1.85483871,Pass,Don't Monitor
423,282821,2013J,4,4.206349206,1,3.94047619,0,5.427884615,1.058823529,2.236842105,1.444444444,Pass,Don't Monitor
424,28400,2013J,3.333333333,2.558282209,0,4.05,0,5.066037736,1.333333333,2.071428571,1.777777778,Pass,Don't Monitor
425,285315,2014J,0,2.163265306,3,4.055555556,0,4.391608392,1.692307692,2.163934426,2.043478261,Pass,Don't Monitor
426,286488,2013J,1,2.106382979,1,2.24137931,0,6.110169492,1.076923077,1.777777778,1.6,Pass,Don't Monitor
427,287040,2014J,1.5,2.959183673,0,3.577981651,0,4.051369863,1.555555556,1.87012987,1.709677419,Pass,Don't Monitor
428,287204,2014J,0,2.541401274,0,3.9875,0,5.9625,1.104166667,2,1.6,Pass,Don't Monitor
429,287210,2014J,2.666666667,2.060606061,0,3.547169811,0,4.573951435,1.363636364,2.247619048,1.784615385,Pass,Don't Monitor
430,287548,2013J,0,1.545454545,0,2.14893617,1,4.9,1,1.5,1,Pass,Don't Monitor
431,288994,2014J,0,2.625,0,3.25,0,6.466666667,1,1,0,Fail, Monitor
432,289449,2014J,4,2.104166667,0,2.574257426,1,4.526041667,1.535714286,1.205882353,1.444444444,Pass,Don't Monitor
433,290164,2014J,3.307692308,4.236065574,1.25,6.896969697,4,4.18,1.181818182,1.785714286,1.807692308,Pass,Don't Monitor
434,290201,2013J,2.666666667,2.56,0,3.296296296,1,5.344444444,1.090909091,2.259615385,1.59375,Pass,Don't Monitor
435,290757,2013J,0,2.956521739,0,3.206896552,0,2.693877551,18.375,1.8,1.833333333,Pass,Don't Monitor
436,291334,2013J,2.333333333,2.30214425,3,3.968609865,1,4.136986301,1.125,1.797385621,1.883116883,Distinction,Don't Monitor
437,292525,2014J,0,0,0,1.961538462,0,2.613333333,1.666666667,2,2,Pass,Don't Monitor
438,292775,2014J,3,2.177570093,0,3.738317757,0,3.110749186,1.615384615,1.712765957,1.829787234,Pass,Don't Monitor
439,293699,2013J,0,1.592592593,0,2.185185185,0,1.375,1.8,1.461538462,1,Pass,Don't Monitor
440,293824,2014J,4,4.098562628,0,8.107279693,1,3.980716253,1.166666667,1.787610619,1.550724638,Pass,Don't Monitor
441,294496,2014J,0,1.977777778,0,2.911564626,0,3.546052632,1.2,1.876404494,1.483870968,Pass,Don't Monitor
442,294570,2013J,3,4.607142857,0,3.722689076,1,4.989847716,1.185185185,1.529411765,1,Pass,Don't Monitor
443,294594,2013J,5,1.666666667,0,2.301075269,0,4.709401709,1,2.16,2.1875,Pass,Don't Monitor
444,294655,2014J,0,4.543209877,1,1.916666667,1,5.520446097,1.166666667,1.964912281,1,Fail, Monitor
445,295060,2014J,0,1.723076923,0,2.406779661,0,2.25,1.304347826,1.597701149,1.111111111,Fail, Monitor
446,295075,2014J,9,4.142857143,0,3.301886792,0,8,1,1.25,0,Pass,Don't Monitor
447,295741,2013J,0,1.703125,0,2.583333333,0,3.61971831,1.5,1.641509434,1.285714286,Fail, Monitor
448,296332,2013J,4.666666667,3.926829268,1,2.951219512,1.5,5.41796875,1.588235294,1.363636364,1,Distinction,Don't Monitor
449,296424,2014J,4,1.807692308,0,2.510638298,0,3.676567657,1.333333333,1.477272727,1.125,Pass,Don't Monitor
450,298034,2014J,3.5,5.529411765,0,2.690721649,1,6.248447205,1.363636364,2.025641026,2,Fail, Monitor
451,298696,2013J,3,3,0,2.189655172,0,3.342465753,2.5,1.771428571,1.5,Pass,Don't Monitor
452,298838,2014J,2,2.5,0,2.891891892,0,3.5546875,1.157894737,1.636363636,1.818181818,Pass,Don't Monitor
453,300398,2013J,0,3.415929204,0,3.537037037,0,4.407692308,1.222222222,2.631578947,1.903225806,Pass,Don't Monitor
454,301967,2014J,0,0,0,1.5,0,2.482758621,1.153846154,1.342105263,1.75,Pass,Don't Monitor
455,302302,2013J,2.75,2.857142857,0,4.391304348,0,3.789473684,1.375,1.944444444,2,Fail, Monitor
456,302476,2014J,3,1.25,0,2.779527559,1,3.698245614,1.071428571,1.465517241,1.694444444,Distinction,Don't Monitor
457,30268,2013J,0,4.2,0,4.916666667,0,4.714285714,1,1.833333333,1,Withdrawn, Monitor
458,303521,2014J,3,2.138211382,0,3.710227273,0,10.67509025,1.4375,1.678571429,1.458333333,Pass,Don't Monitor
459,303985,2014J,0,2.631578947,0,3.416666667,0,3.738095238,1.1,1.769230769,2,Pass,Don't Monitor
460,304465,2014J,5,2.644268775,1,3.230769231,0,4.924137931,1.25,1.450980392,1.355555556,Pass,Don't Monitor
461,305152,2013J,0,3.7,0,3.636363636,0,3.3125,1,2.5,0,Fail, Monitor
462,305386,2013J,1,1,0,3,0,4.330316742,1.142857143,1.6,1,Pass,Don't Monitor
463,305539,2013J,0,2.333333333,0,3.666666667,0,3.428571429,1,1.2,1,Withdrawn, Monitor
464,306107,2013J,0,1.555555556,0,3.296296296,0,4.355371901,1.714285714,1.638888889,1.53125,Pass,Don't Monitor
465,306466,2013J,4.5,4.657142857,1,2.321100917,1,3.701492537,1.272727273,2.214285714,1,Pass,Don't Monitor
466,306646,2014J,0,2.4,0,1.789473684,0,2.625,1,1.75,1.4,Pass,Don't Monitor
467,306897,2013J,0,2.249287749,0,3.962962963,0,2.026666667,1.25,1.704545455,1.428571429,Pass,Don't Monitor
468,307061,2013J,0,1.869047619,0,2.563218391,0,4.886597938,1.181818182,1.724637681,1.952380952,Pass,Don't Monitor
469,307866,2013J,0,2.611111111,0,4.493333333,1,5.464285714,1.142857143,2.391304348,1.111111111,Pass,Don't Monitor
470,309142,2014J,0,1.866666667,0,2.6,0,3.077777778,1,1.222222222,1,Pass,Don't Monitor
471,310412,2014J,4.5,2.056179775,0,3.037037037,0,7.753303965,1.125,1.518518519,0,Pass,Don't Monitor
472,311235,2014J,1,2.897637795,1,4.056603774,1.166666667,4.966666667,1.133333333,2.769230769,3.333333333,Pass,Don't Monitor
473,311659,2014J,0,1,0,3.2,0,3.115384615,0,1.333333333,1,Fail, Monitor
474,311917,2013J,2.2,2,0,3.214814815,0,4.5,1.047619048,1.737704918,2,Pass,Don't Monitor
475,312537,2013J,4,5.273059361,0,17.51660517,1.5,7.864197531,1.515151515,2.159292035,1.88,Distinction,Don't Monitor
476,312782,2013J,0,1.75862069,0,3.173913043,0,4.125,1.7,2.75,1,Pass,Don't Monitor
477,313937,2014J,4.2,2.719247467,0,7.907172996,0,4.42881072,1.875,1.718562874,1.707317073,Pass,Don't Monitor
478,315076,2014J,3,2.959459459,1,2.724770642,1,3.245614035,1.176470588,1.46969697,1.545454545,Pass,Don't Monitor
479,315744,2014J,4.5,2.517150396,2,3.515337423,0,6.106060606,1.292682927,1.791044776,2.333333333,Distinction,Don't Monitor
480,31600,2014J,0,3.476923077,0,4.466666667,0,4.16,1,1.6875,1,Pass,Don't Monitor
481,31604,2013J,2,3.218274112,1,3.570247934,0,4.265306122,1.461538462,1.734939759,1.764705882,Pass,Don't Monitor
482,318933,2013J,0,1.884210526,0,4.575471698,0,2.819767442,1.363636364,1.610169492,1.166666667,Pass,Don't Monitor
483,319047,2013J,2.666666667,3.552529183,1,4.24,1,4.320121951,1.162790698,1.834224599,1.527027027,Pass,Don't Monitor
484,321942,2013J,2.8,4.406523469,0,8.644351464,1,5.513196481,1.111111111,2.085365854,2.056074766,Pass,Don't Monitor
485,323370,2014J,5,2.787234043,0,3.459459459,0,4.145907473,1.543478261,1.679245283,1.4,Pass,Don't Monitor
486,324002,2013J,3.333333333,2.74137931,0,3.018018018,0,4.308300395,1.1875,1.79047619,1.5625,Pass,Don't Monitor
487,324084,2013J,5,2.040697674,0,4.254545455,0,6.394117647,1,1.038461538,0,Pass,Don't Monitor
488,324282,2013J,0,2.5,0,1.513513514,0,2.0625,1,2,1,Pass,Don't Monitor
489,328024,2014J,4.25,2.559322034,0,4.306451613,0,5.384328358,1,1.596491228,1.5,Pass,Don't Monitor
490,32885,2013J,0,2.519480519,1.333333333,3,0,4.295652174,1.956521739,1.490566038,1.076923077,Pass,Don't Monitor
491,329659,2014J,0,2.173913043,1,4.034482759,0,4,1.117647059,1.695652174,1,Fail, Monitor
492,330594,2014J,1,1.515151515,0,3.166666667,0,4.068627451,1.4,1.433333333,1.516129032,Pass,Don't Monitor
493,331358,2013J,2.75,4.582887701,1,8.045454545,2,5.335135135,1.171875,2.294117647,1.571428571,Withdrawn, Monitor
494,331358,2014J,4,3.907918969,4,4.736196319,1.666666667,3.412698413,1.256410256,1.976,2.224137931,Distinction,Don't Monitor
495,332789,2013J,3,3.534188034,0,3.305555556,1,5.825,1.071428571,2.419354839,2.071428571,Pass,Don't Monitor
496,332884,2014J,3,1.7,0,2.612403101,0,2.406862745,1.275,1.413461538,1.396825397,Pass,Don't Monitor
497,333059,2013J,0,1.666666667,1,2.258064516,0,2.507462687,1.8,1.76,1,Pass,Don't Monitor
498,333323,2013J,0,3.641025641,0,3.777777778,0,4.630769231,1.571428571,1.923076923,1.6,Pass,Don't Monitor
499,334259,2013J,0,1.804878049,0,3.37037037,0,3.9375,1.2,2.125,1,Fail, Monitor
500,334333,2013J,0,3.714285714,0,2.939393939,0,4.466666667,1.142857143,1.615384615,1.5,Withdrawn, Monitor
501,334441,2014J,0,1.666666667,1,2.803921569,0,2.236842105,1,1.379310345,1,Fail, Monitor
502,335247,2014J,0,3.595238095,0,2.649122807,0,2.301369863,1.277777778,2.227272727,1.083333333,Pass,Don't Monitor
503,335764,2013J,0,2.520179372,0,5.396226415,0,4.623655914,1.25,1.818181818,2.037037037,Withdrawn, Monitor
504,335764,2014J,0,2.263888889,0,3.861111111,0,3.146341463,1,1.525641026,1.666666667,Pass,Don't Monitor
505,336207,2013J,5,5.2,0,2.5,0,4.058510638,1,2.094339623,1.1,Pass,Don't Monitor
506,337748,2014J,0,2.636363636,0,3.833333333,0,3,2.333333333,2.333333333,0,Withdrawn, Monitor
507,338407,2014J,0,2.238095238,0,1.96,0,3.972222222,2,2.25,1,Pass,Don't Monitor
508,339972,2013J,0,1,0,2.181818182,0,4.14893617,1.333333333,1.441176471,1.833333333,Pass,Don't Monitor
509,341872,2013J,0,1.470588235,0,2.21875,0,2.076923077,1.2,1.4,1,Fail, Monitor
510,341876,2014J,1.25,4.065637066,2,4.041666667,2,3.617021277,1.256410256,1.391304348,1.333333333,Withdrawn, Monitor
511,342007,2013J,0,2.586956522,0,6.078947368,0,5.283783784,1.4,2.205128205,1.857142857,Withdrawn, Monitor
512,342007,2014J,4.666666667,3.252525253,0,2.338129496,1,4.747330961,1.344827586,1.766666667,2.08,Pass,Don't Monitor
513,342514,2013J,3,3.763157895,0,2.887755102,0,7.095505618,1.125,2.150684932,1.78,Pass,Don't Monitor
514,342972,2013J,0,2.191011236,1,3.450704225,1,3.5,1,1.716981132,1.48,Pass,Don't Monitor
515,343446,2013J,1.5,2.367288379,0,4.190751445,0,5.177033493,1.076923077,1.453488372,1.291666667,Pass,Don't Monitor
516,344282,2013J,0,0,0,1.1875,0,1.4375,1,1.111111111,0,Fail, Monitor
517,345068,2013J,4,2,0,1.653061224,0,3.747474747,1.2,1.396226415,1.666666667,Pass,Don't Monitor
518,345357,2013J,4,2.700787402,0,3.128787879,0,3.983766234,1.5,1.343137255,1.370967742,Distinction,Don't Monitor
519,345440,2014J,0,0,0,1.80952381,0,3.258064516,1,1.636363636,1,Pass,Don't Monitor
520,345519,2014J,3,1.692307692,0,3.927710843,1.6,2.971264368,1.111111111,1.52173913,1.552631579,Pass,Don't Monitor
521,346025,2013J,0,1.916666667,0,2.155339806,0,3,1,1.6,1,Pass,Don't Monitor
522,346118,2014J,0,4.301886792,0,3.477272727,0,3.689655172,1.857142857,2.5625,1.25,Pass,Don't Monitor
523,346843,2013J,0,2.5,0,4,0,5.947368421,0,1.666666667,1,Fail, Monitor
524,348275,2014J,1,1.585365854,0,5.157894737,0,4.25,1,2.413793103,2.545454545,Withdrawn, Monitor
525,348807,2014J,0,1.838709677,0,3.2,3,2.6625,1,1.523809524,2,Pass,Don't Monitor
526,350156,2014J,0,1.842105263,0,1.625,0,2.525862069,1.138888889,1.34939759,1,Pass,Don't Monitor
527,350188,2013J,2.5,1.833333333,0,2.118421053,0,3.672897196,1.172413793,1.590163934,1,Pass,Don't Monitor
528,350939,2014J,3,2.069444444,1,3.121212121,0,4.420454545,1.142857143,1.980392157,1.842105263,Pass,Don't Monitor
529,351336,2014J,0,2.076923077,0,2.666666667,0,2.124087591,1.5,1.964285714,1.125,Pass,Don't Monitor
530,353665,2014J,0,2.775,0,2.341463415,0,2.347826087,1,1.935483871,1.5,Pass,Don't Monitor
531,354170,2014J,1,3.919354839,1,3.609756098,0,2.881188119,1.222222222,1.79245283,1.75,Fail, Monitor
532,354858,2013J,0,1,0,5.333333333,0,7.1,1,1.5,1,Withdrawn, Monitor
533,356170,2014J,3,2.111111111,0,1.595238095,0,4.186206897,2.5,1.382352941,1,Pass,Don't Monitor
534,357668,2013J,0,1.166666667,2,2.259259259,0,2.045454545,1.333333333,1.727272727,1.25,Fail, Monitor
535,358182,2014J,0,1.847058824,0,3.008333333,0,4.343065693,1.7,1.6,1.46875,Pass,Don't Monitor
536,364177,2013J,0,1,0,2.258064516,0,5.462264151,1,1.45,1.357142857,Fail, Monitor
537,364957,2014J,0,2.327102804,1.666666667,3.745454545,0,5.31884058,1.533333333,1.894736842,1.655172414,Pass,Don't Monitor
538,365244,2013J,3.5,1.824817518,0,1.780821918,0,3.504424779,1,1.446808511,1.45,Pass,Don't Monitor
539,365642,2013J,5,1.903225806,1,5.286764706,0,3.266375546,1.192307692,1.32967033,1.391304348,Pass,Don't Monitor
540,366483,2013J,4.75,1.625,0,3.108527132,0,3.665198238,1,1.652777778,1.733333333,Pass,Don't Monitor
541,368194,2013J,0,3.411764706,0,2.96875,0,3.574074074,1.24,1.486486486,1.25,Pass,Don't Monitor
542,368824,2013J,0,3.259259259,0,2.56,0,2.75,1.083333333,1.851851852,1.222222222,Fail, Monitor
543,368963,2013J,1,1.869565217,2,2.630434783,0,4.584269663,1.1,1.727272727,1.363636364,Pass,Don't Monitor
544,369834,2014J,4,1.707692308,0,2.956896552,0,3.291457286,1.272727273,1.555555556,1.333333333,Withdrawn, Monitor
545,371710,2014J,0,4.652542373,0,4.208,3,5.74267101,1.285714286,2.414634146,1.375,Pass,Don't Monitor
546,373872,2014J,3.333333333,2.972972973,0,4.090909091,1.333333333,6.122580645,1.111111111,1.790322581,2.133333333,Pass,Don't Monitor
547,375260,2014J,0,1.340425532,0,1.381578947,0,1.856502242,1.076923077,1.234375,1.166666667,Pass,Don't Monitor
548,375646,2014J,0,2.571428571,0,2.657142857,0,2.666666667,2,1.53125,2,Pass,Don't Monitor
549,376439,2013J,0,2.810298103,1,4.285714286,0,3.907563025,1.285714286,1.577464789,1.484848485,Distinction,Don't Monitor
550,376581,2013J,4,3.2,0,4.128205128,0,4.896296296,1.166666667,1.924731183,1.681818182,Pass,Don't Monitor
551,377546,2014J,3.666666667,1.704545455,0,2.083333333,0,3.185810811,1,1.433962264,1.2,Distinction,Don't Monitor
552,38053,2013J,7,3.059440559,2,3.605633803,0,4.568527919,1.375,1.685185185,1.363636364,Pass,Don't Monitor
553,380953,2013J,0,2.068965517,0,2.907216495,1,3.538888889,1.181818182,1.245283019,1,Pass,Don't Monitor
554,381642,2014J,3,1.307692308,0,2.844036697,0,2.814814815,1,1.45045045,1.810344828,Withdrawn, Monitor
555,382095,2014J,5,2.607407407,0,3.52866242,0,3.962962963,1,2.166666667,1.315789474,Pass,Don't Monitor
556,383180,2014J,0,1.416666667,0,3.409090909,4,4.339805825,1.714285714,1.4375,1.333333333,Withdrawn, Monitor
557,383254,2013J,0,1.9,0,1.771084337,0,3.179487179,1,1.353846154,1.15625,Pass,Don't Monitor
558,383600,2014J,3,2.777777778,0,4.363636364,0,4.545454545,1.2,2.095238095,1.8,Pass,Don't Monitor
559,383723,2014J,6,3.956858407,0,4.071729958,2,4.28,1.088888889,1.621301775,1.526315789,Pass,Don't Monitor
560,384203,2014J,4,3.549763033,0,7.680751174,0,4.22007722,1.130434783,2.260869565,2,Pass,Don't Monitor
561,384725,2014J,3,3.914285714,0,5.353333333,0,4.856603774,1.342105263,1.719512195,1.96875,Pass,Don't Monitor
562,386924,2013J,0,2.25,0,2.161290323,0,1.769230769,1.25,1.166666667,1.285714286,Pass,Don't Monitor
563,386952,2013J,0,2.129032258,0,2.954954955,0,2.938356164,1.090909091,1.314814815,1,Pass,Don't Monitor
564,387533,2014J,0,3.164179104,0,4.653061224,0,4.19858156,1.2,2.411764706,2.428571429,Fail, Monitor
565,387954,2014J,0,6.652173913,0,6.142857143,1,4.52,1,1.875,2.333333333,Withdrawn, Monitor
566,388147,2014J,3,3.484848485,0,3.178571429,0,3.277777778,1,1.75,1.888888889,Fail, Monitor
567,388722,2013J,0,4.571428571,0,3.052631579,0,3.50877193,1,1.333333333,1.142857143,Pass,Don't Monitor
568,388885,2013J,0,3.211538462,0,3.791666667,0,4.89010989,1.083333333,1.757575758,1.111111111,Pass,Don't Monitor
569,390890,2013J,3,2.536585366,0,3.285714286,0,4.927272727,2.833333333,1.29787234,1.222222222,Withdrawn, Monitor
570,390890,2014J,0,2.428571429,0,2.3,0,3.4,1.214285714,1.181818182,1.444444444,Pass,Don't Monitor
571,391249,2014J,0,1.95256917,0,4.368055556,0,4.689320388,1.555555556,1.318181818,1.333333333,Distinction,Don't Monitor
572,392756,2013J,0,1.59375,0,2.545454545,0,2.590909091,1.333333333,1.111111111,1,Fail, Monitor
573,392931,2013J,7,2.784580499,0,3.90960452,0,3.741666667,1.263157895,2.080645161,1.388888889,Pass,Don't Monitor
574,393207,2013J,0,3.838709677,0,3.653061224,2,4.386792453,1.25,2.45,1.5,Pass,Don't Monitor
575,396599,2014J,0,2.738461538,0,4.055555556,3,4.133333333,1.1,1.545454545,1.892857143,Fail, Monitor
576,396655,2014J,0,1.590163934,0,2.351851852,1,2.133333333,1.076923077,1.265306122,1,Fail, Monitor
577,396872,2013J,3,2.102564103,0,4.014285714,0,4.070866142,1.055555556,1.803921569,2,Pass,Don't Monitor
578,398171,2014J,0,1.46031746,0,3.356060606,0,4.44137931,1,1.483870968,1.142857143,Pass,Don't Monitor
579,398349,2014J,3,3.054989817,0,6.41958042,0,3.646276596,1.434782609,2.121621622,1.576923077,Pass,Don't Monitor
580,398552,2013J,4.333333333,1.605263158,0,3.488372093,0,5.056737589,1,1.975609756,1.5,Fail, Monitor
581,400147,2014J,0,1.705882353,0,2,0,2.859375,1,1.325,1.125,Pass,Don't Monitor
582,400682,2014J,2.666666667,1.387096774,0,3.508196721,0,4.368217054,1,1.075,1.5,Pass,Don't Monitor
583,401404,2014J,1,3.16,0,3.754237288,0,3.326530612,1.181818182,1.603174603,1.761904762,Pass,Don't Monitor
584,401869,2013J,0,1.935483871,2,2.962962963,0,3.95959596,1.117647059,1.977777778,2.0625,Pass,Don't Monitor
585,402204,2014J,0,2.941176471,0,2.602941176,0,4.855555556,1.076923077,1.857142857,1.909090909,Pass,Don't Monitor
586,402470,2013J,0,1.541666667,1,4.13253012,0,6.71969697,1,1.659574468,1.964285714,Pass,Don't Monitor
587,402727,2014J,0,1.777777778,0,2.285714286,0,2.679487179,1,1.088235294,1,Pass,Don't Monitor
588,402961,2014J,2.75,2.996031746,1,4.891156463,0,6.286624204,1.142857143,3.042253521,2.188679245,Pass,Don't Monitor
589,404356,2014J,5,2.692307692,0,4.323232323,1,3.647940075,1.333333333,2.7,1.166666667,Pass,Don't Monitor
590,404804,2013J,0,1.769230769,0,3.653846154,0,4.193548387,1.357142857,3.3125,1.2,Pass,Don't Monitor
591,405088,2013J,0,2.700854701,0,4.104651163,0,4.877192982,1.636363636,2,1.413793103,Pass,Don't Monitor
592,406671,2014J,0,3.2,0,2.5,0,3.923076923,1.230769231,2.185185185,1,Pass,Don't Monitor
593,406682,2014J,4,2.634920635,3,3.916666667,1,4.64604811,1.071428571,2.224806202,1.884210526,Distinction,Don't Monitor
594,409100,2014J,3.25,4.804347826,0,2.755905512,3,4.851851852,1.25,1.456140351,1.466666667,Pass,Don't Monitor
595,409703,2014J,4.333333333,1.664670659,0,3.873239437,0,6.05483871,1.043478261,1.382978723,1,Pass,Don't Monitor
596,410092,2014J,7,1.5,6,2.4,0,4.791666667,1.4,1.4,1,Pass,Don't Monitor
597,411971,2014J,3,2.333333333,0,3.225352113,1,5.14516129,1.444444444,1.8125,1,Pass,Don't Monitor
598,414117,2013J,0,1.466666667,0,2.13592233,0,3.607692308,1,1.357142857,1,Pass,Don't Monitor
599,415969,2013J,6,4.640625,0,6.0625,4,5.378378378,1.388888889,2.475,2.615384615,Withdrawn, Monitor
600,415969,2014J,0,0,0,1.75,0,1.285714286,1,1.875,0,Fail, Monitor
601,418731,2014J,0,3.75,0,1.388888889,0,2.318181818,1.2,1.421052632,1,Fail, Monitor
602,420087,2013J,0,2.307692308,1,2.576923077,1,2.875,1,2.470588235,1,Fail, Monitor
603,421455,2014J,4,1.471428571,0,3.54954955,1,3.296460177,1.1,1.569892473,1.555555556,Pass,Don't Monitor
604,424577,2014J,3.5,2.06122449,0,4.110091743,0,5.408602151,1.166666667,1.807692308,1.352941176,Pass,Don't Monitor
605,429858,2014J,3,2,1,2.307692308,0,3.076923077,1,1.380952381,1,Distinction,Don't Monitor
606,429958,2013J,0,2.157894737,0,2.739130435,0,5.192307692,1.142857143,1.217391304,1,Pass,Don't Monitor
607,431025,2014J,0,0,0,2.909090909,0,3.406779661,1.5,1.476190476,1,Fail, Monitor
608,439305,2014J,0,1.625,0,2.847826087,0,4.716049383,1.076923077,1.545454545,0,Pass,Don't Monitor
609,440319,2014J,2,2.292929293,2,2.555555556,1,3.9,1.1,1.473684211,1,Withdrawn, Monitor
610,441018,2013J,0,2.520408163,2,2.29787234,0,3.65625,1.090909091,1.714285714,2.5,Pass,Don't Monitor
611,441888,2013J,0,2.288135593,0,3.976744186,0,3.052631579,1,1.757575758,1.5,Pass,Don't Monitor
612,442064,2014J,0,4.222222222,0,2.193548387,0,3.377358491,1,1.638888889,1.625,Pass,Don't Monitor
613,442132,2014J,0,2,0,2.545454545,0,2.272727273,1,1.6,1.5,Pass,Don't Monitor
614,442442,2013J,1,2.639097744,0,4.428571429,0,6.716981132,1,1.851851852,1.105263158,Withdrawn, Monitor
615,444677,2013J,4,1.632653061,0,2.140740741,0,3.40776699,2,1.181818182,1.2,Distinction,Don't Monitor
616,446108,2014J,0,2.544303797,0,2.888888889,0,2.75177305,1.454545455,1.19047619,1,Pass,Don't Monitor
617,447481,2014J,0,3.027777778,1,3.545454545,0,2.336842105,1.217391304,1.769230769,1,Pass,Don't Monitor
618,45462,2013J,2,2.365384615,0,3.555555556,2,6.727941176,1,1.921568627,1.5,Pass,Don't Monitor
619,45642,2013J,4,2.326086957,0,2.836538462,1,4.305084746,1.142857143,1.666666667,1.513513514,Pass,Don't Monitor
620,468120,2014J,1,1,0,2.181818182,0,2.153846154,3.333333333,1.2,1,Fail, Monitor
621,46844,2014J,0,2,0,2.243902439,1,2.827586207,1.363636364,1.48,1,Pass,Don't Monitor
622,468694,2014J,0,2.823529412,0,2.228571429,0,4,1.1,1.736842105,3.5,Withdrawn, Monitor
623,470588,2013J,0,2.25,0,4.1875,0,8.666666667,1,2.071428571,2.5,Withdrawn, Monitor
624,470588,2014J,0,1.3,3.666666667,5.277777778,0,4.590163934,1,1.24,1.166666667,Withdrawn, Monitor
625,470982,2014J,0,3.535714286,0,3.514705882,0,4.594017094,1,1.5,1.285714286,Pass,Don't Monitor
626,476603,2014J,3,1.920353982,1,3.506329114,4,3.606481481,1.230769231,1.446808511,0,Distinction,Don't Monitor
627,481022,2014J,0,1.315789474,0,1.916666667,0,1.5,0,1.111111111,0,Fail, Monitor
628,483800,2014J,0,3.049180328,0,3.406593407,0,3.738562092,1.322580645,2.258064516,1,Pass,Don't Monitor
629,484897,2014J,0,2.13592233,0,3.446428571,0,3.045454545,1.125,1.794871795,3,Pass,Don't Monitor
630,485962,2014J,5,1.652173913,0,2.817204301,1,2.62601626,1,1.060606061,1,Pass,Don't Monitor
631,488990,2014J,0,2.739130435,0,2.980392157,0,3.62962963,1.777777778,2.918367347,1.826086957,Pass,Don't Monitor
632,489455,2013J,0,2.605734767,0,5.419847328,0,4.23628692,1.263157895,2.988888889,1.884615385,Pass,Don't Monitor
633,494424,2013J,0,2,0,7,0,2.444444444,1,3,0,Fail, Monitor
634,495284,2013J,5,2.366666667,0,2.597402597,0,6.428571429,1,1.304347826,1.2,Pass,Don't Monitor
635,498857,2013J,7,1.142857143,0,2.857142857,1,3.521505376,1,1.369565217,1,Pass,Don't Monitor
636,500113,2014J,3,3,0,3.740740741,0,4.109589041,1.75,1.590909091,1,Pass,Don't Monitor
637,503889,2014J,2.333333333,1.612440191,0,2.475138122,1,3.895522388,1,1.305555556,1,Pass,Don't Monitor
638,508818,2013J,0,4.775862069,0,3.525423729,0,4.297297297,1,2.043478261,0,Pass,Don't Monitor
639,512460,2013J,0,2.32,0,1.892857143,0,2.811881188,1,1.476190476,1,Pass,Don't Monitor
640,514526,2014J,0,2,0,3.666666667,0,4,1.333333333,4,0,Withdrawn, Monitor
641,518808,2014J,1.5,2.514285714,0,2.384615385,1,6.344632768,1.454545455,1.696969697,1,Pass,Don't Monitor
642,52130,2013J,4,2.378571429,0,3.933884298,1,4.606451613,1.117647059,2.229166667,2.133333333,Pass,Don't Monitor
643,522482,2014J,0,1.705882353,0,2.125,1.5,3.8125,1,1.230769231,1,Withdrawn, Monitor
644,527100,2014J,3,4.105263158,0,3.171875,0,3.933333333,1.111111111,1.421052632,1,Distinction,Don't Monitor
645,52765,2014J,2,3.573943662,0,5.047368421,1,4.534090909,1.166666667,2.121212121,1.774193548,Pass,Don't Monitor
646,527801,2014J,0,2.475,0,3.083333333,0,3.944444444,1.2,2.580645161,2,Fail, Monitor
647,53025,2013J,3,3.662337662,0,2.774647887,0,6.388888889,1,1.746478873,1.490909091,Pass,Don't Monitor
648,533068,2014J,0,3.90625,0,2.085714286,0,2.821428571,1.8,1.454545455,1,Pass,Don't Monitor
649,537081,2014J,1,2.556756757,0,2.285714286,0,1.819277108,1,1.528301887,1,Fail, Monitor
650,544103,2013J,0,2.137362637,0,5.446428571,4,3.765384615,1.333333333,2.488636364,1.881355932,Pass,Don't Monitor
651,544253,2014J,3,2.9375,2,3.982758621,0,3.436781609,1.058823529,1.755319149,1.47826087,Pass,Don't Monitor
652,548120,2014J,0,2.791666667,0,2.506493506,0,2.310526316,1.294117647,1.326923077,1.272727273,Pass,Don't Monitor
653,550383,2013J,3,3.48,0,2.915254237,1.5,5.514563107,1,1.815789474,1,Pass,Don't Monitor
654,55104,2014J,0,2.444444444,0,3.826666667,0,3.69005848,1.090909091,1.730769231,1.340425532,Pass,Don't Monitor
655,561467,2014J,0,2.724137931,0,3.0625,0,4.4,1.333333333,2.272727273,1,Withdrawn, Monitor
656,564450,2013J,0,2,0,2.032258065,0,3.586206897,1,2.625,1,Fail, Monitor
657,568601,2013J,0,1,0,2.117647059,0,9.311111111,2,1.615384615,1.285714286,Withdrawn, Monitor
658,569505,2014J,4.75,3.506627393,0,4.928104575,1,3.35472973,1.130434783,1.4,1,Distinction,Don't Monitor
659,570317,2014J,0,2.957142857,1,4.385964912,1.333333333,3.776785714,1.470588235,2.227272727,1.357142857,Pass,Don't Monitor
660,572652,2013J,1.25,1,0,2.825,0,5.215517241,1.25,1.583333333,2,Pass,Don't Monitor
661,574505,2014J,2.5,1.5,0,2.209677419,0,4.869565217,1.714285714,1.125,0,Pass,Don't Monitor
662,57506,2013J,5,1.578947368,4,4,0,4.37037037,1.142857143,1.692307692,1.621621622,Pass,Don't Monitor
663,580389,2013J,1,2.739495798,0,6.82,0,5.520833333,1.090909091,1.578947368,1,Pass,Don't Monitor
664,58071,2014J,3.666666667,4.147540984,1,5.856164384,4,5.698717949,1.661016949,1.592105263,1.428571429,Pass,Don't Monitor
665,581129,2013J,0,2.117647059,0,3.176470588,0,2.851851852,1,1.923076923,0,Fail, Monitor
666,58316,2014J,0,1.956521739,0,3.598039216,1,4.017857143,1.428571429,1.726190476,1.448275862,Pass,Don't Monitor
667,588477,2014J,4.5,3.945512821,0,6.078341014,1,3.965838509,1.692307692,2.216216216,1.1,Pass,Don't Monitor
668,58873,2013J,2.666666667,2.662790698,0,4.066666667,2,4.180412371,1.2,1.641791045,1.56,Pass,Don't Monitor
669,588775,2013J,3,3.495422177,1,7.362934363,1,4.454005935,1.108695652,1.595744681,1,Pass,Don't Monitor
670,591774,2013J,0,3.428571429,0,3.8,0,2.574712644,1,1.615384615,1,Pass,Don't Monitor
671,59185,2013J,0,2.344086022,0,3.524590164,1.5,4.779816514,1.181818182,2.272727273,1.28,Pass,Don't Monitor
672,593846,2014J,0,4.555555556,0,3.85106383,0,3.571428571,1.555555556,2.6,2,Withdrawn, Monitor
673,593987,2014J,4.5,2.385964912,13,4.1125,0,5.965317919,1.47826087,1.734375,1,Fail, Monitor
674,596288,2014J,0,3.47826087,0,2.68,0,3.044444444,1.333333333,2.03125,1.636363636,Pass,Don't Monitor
675,598070,2014J,0,0,0,3,0,0,0,0,0,Withdrawn, Monitor
676,603834,2014J,0,3.4,1,2.888888889,0,2.815789474,1,1.736842105,0,Pass,Don't Monitor
677,603861,2013J,3,1.4,0,2.230769231,0,5.593984962,1,1.571428571,2.5,Withdrawn, Monitor
678,603861,2014J,0,0,0,1.708333333,0,4.115384615,0,1,1,Withdrawn, Monitor
679,606143,2013J,0,2.321428571,0,2.352941176,0,4.833333333,1,1.769230769,1,Fail, Monitor
680,608440,2014J,0,3.714285714,0,4.666666667,0,4.55,1,1.428571429,2.5,Withdrawn, Monitor
681,62155,2013J,4,3.153266332,0,3.466216216,1,4.141689373,1,1.525,1.666666667,Pass,Don't Monitor
682,623840,2014J,1,5.427710843,1,3.965517241,0,3.580291971,1.052631579,2.5,1,Pass,Don't Monitor
683,62487,2014J,3.5,1.35483871,1,2.981481481,0,3.13559322,1,1.612244898,1.454545455,Pass,Don't Monitor
684,626240,2014J,0,1.861111111,0,2,0,2.942857143,2.176470588,1.275862069,0,Pass,Don't Monitor
685,628088,2014J,0,3.34375,0,3.285714286,0,4.355555556,1,2.266666667,0,Withdrawn, Monitor
686,628312,2014J,0,2.166666667,1,4.5,1,3.714285714,1.5,4,1,Withdrawn, Monitor
687,630142,2014J,0,3.793103448,0,3.37037037,0,3.317460317,1,1.80952381,2,Withdrawn, Monitor
688,63165,2014J,0,2.107142857,0,2.303797468,0,3.826446281,1.272727273,1.621621622,1.6,Pass,Don't Monitor
689,63400,2013J,8.333333333,2.129533679,0,3.120689655,0,7.166666667,1,1.980582524,1.567901235,Pass,Don't Monitor
690,637665,2014J,0,2.736111111,0,3.357615894,0,4.479532164,1.083333333,2.145454545,1,Pass,Don't Monitor
691,639053,2014J,0,3,0,1.75,0,3.21875,1,1.421052632,1,Pass,Don't Monitor
692,642878,2014J,0,7.833333333,0,3.481481481,1,4.444444444,1,1.5,1,Withdrawn, Monitor
693,648130,2014J,0,1.5,0,2.882352941,0,2.821428571,1,1.19047619,0,Withdrawn, Monitor
694,65002,2013J,0,2.4,0,3.454545455,0,4.166666667,1,1.636363636,1,Withdrawn, Monitor
695,65002,2014J,0,0,0,2.5,0,0,0,0,0,Fail, Monitor
696,6516,2014J,5.25,2.577142857,0,3.14556962,0,8.179347826,1.631578947,1.95890411,2.918367347,Pass,Don't Monitor
697,676546,2014J,0,1.428571429,0,3,0,3.462962963,1.2,1.8,1,Withdrawn, Monitor
698,677186,2014J,0,2.034482759,0,3.047619048,0,4.138297872,1.2,1.21875,1.363636364,Pass,Don't Monitor
699,677281,2014J,0,1.625,1,2,0,2.482758621,1,1.428571429,0,Fail, Monitor
700,684180,2014J,0,1.75,0,3.538461538,0,2.666666667,1.533333333,1.285714286,0,Pass,Don't Monitor
701,687698,2014J,0,4.333333333,0,2.208333333,1,1.826086957,2,1.526315789,2.666666667,Pass,Don't Monitor
702,696073,2014J,3,1.95,0,3.631067961,0,4.721649485,1.076923077,1.589285714,1,Pass,Don't Monitor
703,696578,2014J,0,5.230769231,0,12.59459459,1,7.688888889,4.205128205,2.956521739,1,Withdrawn, Monitor
704,70011,2014J,4.5,3.372191011,0,6.486607143,0,3.324324324,1.285714286,1.735714286,1.638297872,Pass,Don't Monitor
705,704156,2013J,2,2.605769231,0,3.5078125,0,8.231132075,1.137931034,1.846938776,1.696969697,Pass,Don't Monitor
706,70464,2013J,1,2.394736842,2,5.52173913,2,7.820512821,1.5,2.545454545,2.5,Pass,Don't Monitor
707,705379,2013J,6,3.354508197,6,5.752212389,0,5.09047619,1.156862745,2.130177515,1.8,Distinction,Don't Monitor
708,71361,2013J,3,3.85915493,0,2.977099237,1,4.140776699,1.53125,1.433333333,1.481481481,Pass,Don't Monitor
709,721259,2013J,1,5.014285714,5.333333333,4.444444444,1,7.138888889,1.176470588,2.058823529,1.857142857,Withdrawn, Monitor
710,721259,2014J,4,5.528368794,3.75,7.342105263,0,4.637096774,1,1.639344262,1.529411765,Withdrawn, Monitor
711,74372,2013J,0,1.4,0,2.428571429,0,1.433333333,1,1.466666667,1,Fail, Monitor
712,749412,2013J,3.5,3.028901734,1,6.139037433,0,3.159722222,1,2.418604651,1.54,Pass,Don't Monitor
713,75091,2013J,4,3.217021277,0,4.93442623,0,5.483739837,1.3125,2.146341463,1.617647059,Pass,Don't Monitor
714,75255,2014J,0,1.596491228,0,2.303797468,0,4.383458647,1.133333333,1.648648649,1.333333333,Pass,Don't Monitor
715,760729,2013J,3,3.338422392,2,8.545851528,0,4.277292576,1.428571429,2.262910798,1.926605505,Distinction,Don't Monitor
716,77367,2013J,0,2.081081081,0,2.88372093,0,3.230769231,1,1.743589744,1.166666667,Pass,Don't Monitor
717,79403,2014J,4.666666667,2.25,0,3.142857143,0,7.468085106,1,1.5,1.625,Withdrawn, Monitor
718,85092,2014J,0,2.873015873,0,4.033333333,0,3.195121951,1,1.833333333,2.166666667,Pass,Don't Monitor
719,85144,2014J,0,2.348837209,1,2.533333333,0,2.402597403,1,1.263157895,1.1875,Pass,Don't Monitor
720,852847,2014J,2,1.5,1,2.1,0,3.6,1.166666667,3.3,0,Fail, Monitor
721,85302,2014J,7,2.657142857,1,5.150793651,0,3.778571429,1.206896552,1.774193548,1.896551724,Pass,Don't Monitor
722,87431,2014J,1,5.3125,0,5.551724138,0,4.06741573,1,2.166666667,2,Withdrawn, Monitor
723,905042,2013J,2,2.6640625,4,4.301204819,1,4.241573034,1.041666667,2.166666667,1.855263158,Pass,Don't Monitor
724,91265,2013J,4,1.25,0,3.447154472,0,3.501960784,1,1.46835443,1.625,Pass,Don't Monitor
725,94961,2013J,0,1.714285714,0,2.916666667,0,5.083333333,1,2.590909091,1.333333333,Withdrawn, Monitor
726,94961,2014J,0,3.046511628,0,2.923076923,0,3.390909091,1.5,2.32,1.590909091,Pass,Don't Monitor
727,949618,2013J,0,2.48115942,0,2.808510638,0,1.956521739,1.222222222,2.52,1.647058824,Pass,Don't Monitor
728,95755,2014J,0,2.3125,0,2.488372093,0,4.183673469,1.333333333,1.733333333,2,Withdrawn, Monitor
729,958987,2013J,0,1.538461538,0,3.196078431,0,4.277777778,1.066666667,1.76119403,1.34375,Pass,Don't Monitor
730,968578,2013J,3,2.911764706,0,2.363636364,1,4.214814815,1,1.5,1,Pass,Don't Monitor
731,969076,2013J,0,2.170588235,0,3.333333333,1,5.588235294,1,1.416666667,1,Withdrawn, Monitor
732,971027,2013J,2.8,3.198675497,0,3.869281046,1,6.308550186,1.16,1.805825243,1.811320755,Pass,Don't Monitor
733,978739,2013J,2.666666667,5.053604436,10.5,6.725146199,4,8.057591623,1.384615385,2.745098039,3.073170732,Pass,Don't Monitor
734,98094,2013J,3.666666667,1.833333333,0,5.340659341,0,10.14215686,1.941176471,4.395348837,1.8,Pass,Don't Monitor
735,998493,2014J,8,4.895337774,3.5,10.76717557,1.5,3.876267748,1.074074074,2.178082192,2.675,Pass,Don't Monitor
