"","student_id","0","1","2","3","4","5","6","7","8","9","10","11","12","13","14","15","16","17","18","19","20","21","22","23","24","25","26","27","28","29","30","31","32","33","34","35","36","37","38","final_result"
"1",11391,98,183,20,100,NA,26,60,22,20,NA,16,9,31,2,5,27,9,NA,27,55,NA,NA,1,2,NA,NA,NA,29,6,NA,NA,43,35,NA,15,85,7,1,NA,"Pass"
"2",28400,215,175,66,37,57,75,NA,21,23,31,25,27,10,59,39,14,22,NA,28,24,39,4,19,53,13,25,33,69,97,8,21,88,5,12,NA,1,NA,NA,NA,"Pass"
"3",30268,102,107,72,NA,NA,NA,NA,NA,NA,NA,NA,NA,NA,NA,NA,NA,NA,NA,NA,NA,NA,NA,NA,NA,NA,NA,NA,NA,NA,NA,NA,NA,NA,NA,NA,NA,NA,NA,NA,"Withdrawn"
"4",31604,169,22,154,108,25,88,119,53,66,12,119,18,NA,39,65,99,45,56,38,87,36,21,91,20,107,26,47,73,NA,36,26,31,51,85,5,101,17,1,2,"Pass"
"5",32885,295,61,116,37,58,18,16,NA,NA,4,3,18,50,8,38,NA,25,NA,31,18,26,3,1,NA,9,3,28,38,3,NA,6,NA,59,27,25,3,7,NA,NA,"Pass"
"6",38053,278,135,141,135,39,37,57,55,52,78,10,28,14,2,24,70,38,83,27,1,9,1,82,60,55,31,6,87,23,33,82,45,423,54,37,75,22,11,5,"Pass"
"7",45462,181,74,NA,190,55,111,29,12,53,6,11,4,NA,1,10,7,2,56,4,86,52,44,6,17,67,54,33,57,25,13,54,52,NA,NA,NA,123,NA,3,NA,"Pass"
"8",45642,21,28,73,184,103,42,69,13,50,9,NA,30,16,25,52,7,45,12,74,15,15,28,21,15,53,1,61,61,13,NA,15,25,37,88,98,8,9,NA,12,"Pass"
"9",52130,6,26,65,161,93,62,37,4,105,23,75,22,29,62,3,47,26,195,4,9,27,18,31,19,54,124,59,NA,53,67,3,126,88,85,8,75,3,NA,NA,"Pass"
"10",53025,176,103,103,118,58,61,33,NA,117,93,93,164,55,68,156,47,104,113,255,12,126,132,70,71,123,149,88,75,7,45,17,89,27,50,31,101,23,5,NA,"Pass"
"11",57506,139,113,68,154,41,64,32,69,17,NA,39,27,15,NA,50,28,9,54,38,16,7,25,18,17,22,20,3,15,NA,15,NA,87,18,26,21,52,NA,NA,NA,"Pass"
"12",58873,159,76,55,110,73,60,37,44,105,32,10,22,7,19,46,18,27,100,72,27,30,26,45,11,84,40,NA,46,28,40,60,67,20,40,3,92,NA,1,NA,"Pass"
"13",59185,110,75,238,32,26,106,18,42,38,28,1,11,NA,NA,36,NA,14,58,20,8,NA,NA,NA,7,32,50,NA,NA,NA,NA,NA,24,36,29,NA,52,11,NA,NA,"Pass"
"14",62155,251,40,20,221,103,70,186,55,92,50,120,207,92,59,113,25,75,146,119,78,18,54,27,3,30,258,72,NA,17,6,18,39,210,138,251,117,6,1,1,"Pass"
"15",63400,248,58,130,156,124,160,57,22,37,74,67,53,69,55,195,15,9,76,25,133,129,63,53,63,42,48,143,79,31,9,81,56,11,51,36,48,2,6,23,"Pass"
"16",65002,3,56,6,29,NA,NA,3,19,54,NA,NA,NA,NA,NA,1,NA,NA,NA,NA,NA,NA,NA,NA,NA,NA,NA,NA,NA,NA,NA,NA,NA,NA,NA,NA,NA,NA,NA,NA,"Withdrawn"
"17",70464,95,106,74,129,1,19,60,NA,15,21,15,1,15,NA,28,13,72,1,NA,NA,56,NA,14,49,82,30,NA,NA,121,1,NA,NA,15,1,NA,14,5,NA,NA,"Pass"
"18",71361,204,152,291,228,148,78,65,50,76,112,96,3,31,2,68,10,19,28,31,10,63,24,14,26,25,29,13,25,42,29,54,44,16,1,131,89,NA,NA,NA,"Pass"
"19",74372,11,NA,NA,16,12,NA,NA,NA,37,NA,NA,NA,NA,NA,NA,NA,NA,5,3,NA,NA,NA,3,NA,23,NA,NA,NA,NA,NA,NA,6,NA,NA,NA,NA,NA,NA,NA,"Fail"
"20",75091,458,126,80,219,60,113,10,35,110,177,9,74,30,5,36,34,37,175,12,32,117,NA,49,58,69,86,83,NA,61,11,58,135,214,85,17,99,13,5,NA,"Pass"
"21",77367,67,68,41,96,21,8,17,9,63,3,4,NA,3,NA,6,NA,NA,67,31,8,15,6,1,8,12,16,7,1,NA,NA,8,45,13,23,NA,11,2,NA,NA,"Pass"
"22",91265,76,39,26,140,50,75,50,76,55,79,31,7,NA,71,8,42,9,34,19,27,61,8,17,24,89,51,38,30,17,29,35,53,72,13,25,15,2,NA,1,"Pass"
"23",94961,82,53,87,12,53,7,NA,22,23,NA,NA,NA,NA,NA,NA,NA,NA,NA,NA,NA,NA,NA,NA,NA,NA,NA,NA,NA,NA,NA,NA,NA,NA,NA,NA,NA,NA,NA,NA,"Withdrawn"
"24",98094,477,195,229,131,64,93,23,306,5,37,NA,74,NA,47,43,39,39,45,109,51,185,61,73,30,168,29,91,58,NA,NA,73,14,8,NA,10,26,NA,NA,6,"Pass"
"25",100893,27,37,5,49,15,73,67,65,4,NA,NA,46,NA,NA,NA,10,26,32,NA,NA,1,4,NA,NA,NA,56,NA,15,NA,4,34,20,33,71,1,32,17,NA,NA,"Pass"
"26",101781,312,182,514,310,79,118,126,70,151,43,48,82,37,84,61,119,39,31,122,64,43,55,80,113,90,93,320,79,25,99,68,57,118,126,77,59,10,NA,NA,"Pass"
"27",102806,129,105,172,52,87,47,93,57,92,20,18,35,6,11,31,44,71,23,16,9,44,23,44,66,38,42,44,66,55,72,43,64,52,35,25,112,NA,NA,1,"Pass"
"28",102952,31,121,111,93,13,75,NA,20,23,NA,NA,3,NA,NA,8,3,157,60,1,8,NA,NA,48,48,65,13,25,8,2,NA,16,80,88,6,20,NA,4,NA,NA,"Pass"
"29",104476,544,364,168,52,117,70,163,37,9,34,40,10,2,213,47,68,41,110,105,152,155,134,66,282,35,469,66,45,100,131,191,65,193,266,180,36,13,4,NA,"Pass"
"30",106247,NA,NA,11,36,NA,221,60,NA,NA,39,23,6,NA,3,3,6,21,14,1,NA,16,NA,5,NA,NA,NA,NA,NA,NA,NA,NA,NA,NA,NA,NA,NA,NA,NA,NA,"Withdrawn"
"31",106577,149,55,5,87,22,1,NA,NA,71,NA,2,NA,NA,NA,5,4,NA,NA,NA,4,NA,NA,NA,NA,NA,125,5,10,5,51,26,26,5,20,NA,52,NA,3,NA,"Pass"
"32",110175,38,26,98,32,8,60,89,26,NA,38,31,NA,16,6,NA,NA,3,16,9,79,13,3,3,9,12,62,207,14,NA,3,4,21,45,6,11,10,NA,NA,NA,"Pass"
"33",111717,252,173,103,53,68,58,42,154,18,88,51,94,20,39,57,163,44,111,13,22,34,34,68,50,22,NA,9,46,29,111,103,60,10,14,46,62,22,NA,NA,"Pass"
"34",113295,3,205,250,245,262,82,122,214,106,123,66,53,71,97,75,43,31,54,78,76,44,74,63,69,38,53,166,12,85,102,76,79,111,111,90,106,NA,13,5,"Pass"
"35",114017,28,3,247,65,NA,NA,2,32,102,NA,NA,NA,5,NA,NA,NA,NA,27,NA,5,NA,NA,NA,44,63,15,NA,NA,NA,NA,NA,51,NA,8,30,28,NA,2,NA,"Pass"
"36",114999,142,43,36,50,72,78,39,34,85,42,45,14,5,44,10,20,3,14,10,39,72,11,38,16,7,43,22,19,30,15,16,10,129,35,45,23,NA,1,1,"Pass"
"37",116541,NA,72,95,166,122,50,43,59,4,NA,1,179,1,NA,62,48,16,39,93,31,1,NA,54,19,51,94,80,101,63,65,21,145,62,4,15,30,NA,NA,NA,"Pass"
"38",116692,325,35,67,45,46,24,44,23,24,29,50,17,12,NA,26,31,14,54,1,17,30,9,21,2,35,31,34,2,15,NA,1,7,8,29,NA,NA,NA,NA,NA,"Pass"
"39",118983,9,NA,10,41,NA,12,17,NA,39,NA,NA,NA,NA,NA,NA,NA,NA,76,NA,NA,NA,1,NA,NA,47,NA,NA,NA,NA,NA,NA,6,NA,1,NA,22,1,NA,2,"Pass"
"40",123044,3,246,88,133,123,103,89,113,86,71,39,2,7,NA,71,93,22,48,43,132,22,44,1,20,53,100,1,29,NA,34,28,47,47,49,36,12,6,NA,NA,"Pass"
"41",127582,32,22,106,20,108,109,44,32,40,25,3,22,NA,NA,49,58,38,71,6,28,NA,38,107,42,48,21,74,6,NA,NA,100,7,54,NA,NA,11,NA,NA,NA,"Pass"
"42",129955,32,134,69,72,56,31,56,159,142,11,11,44,NA,NA,54,33,32,10,43,21,1,NA,NA,NA,NA,NA,NA,NA,NA,NA,NA,NA,NA,NA,NA,NA,NA,NA,NA,"Withdrawn"
"43",132976,44,60,NA,39,3,11,NA,NA,NA,NA,NA,NA,NA,NA,NA,NA,51,43,2,2,NA,9,36,14,43,NA,8,NA,NA,21,3,101,NA,NA,17,13,NA,NA,NA,"Pass"
"44",134143,176,307,6,70,109,95,27,96,25,13,27,121,68,111,83,38,4,58,57,84,92,79,26,NA,23,150,84,432,40,3,39,20,58,56,37,14,3,NA,1,"Distinction"
"45",135335,2,1,12,31,11,NA,NA,NA,NA,NA,NA,NA,NA,NA,NA,NA,NA,NA,NA,NA,NA,NA,NA,NA,NA,NA,NA,NA,NA,NA,NA,NA,NA,NA,NA,NA,NA,NA,NA,"Withdrawn"
"46",135400,NA,35,64,59,46,13,15,31,4,NA,1,NA,NA,16,3,NA,NA,NA,NA,NA,NA,NA,NA,NA,NA,NA,NA,NA,NA,NA,NA,NA,NA,NA,NA,NA,NA,NA,NA,"Withdrawn"
"47",137873,241,40,186,324,128,279,247,284,182,97,146,138,140,77,174,127,123,41,104,288,168,289,57,65,149,NA,103,238,84,15,238,147,147,184,84,174,20,NA,NA,"Pass"
"48",141355,48,152,71,229,22,52,NA,34,168,16,21,NA,NA,NA,35,39,21,139,69,23,39,1,18,23,61,109,3,16,17,11,39,113,75,25,50,82,NA,2,NA,"Pass"
"49",141377,NA,1,5,1,NA,NA,NA,9,118,NA,NA,NA,NA,NA,NA,NA,9,NA,NA,NA,NA,NA,NA,NA,NA,NA,NA,NA,NA,NA,NA,NA,NA,NA,NA,NA,NA,NA,NA,"Withdrawn"
"50",142326,142,10,127,80,44,64,43,18,NA,19,52,113,NA,98,50,6,9,56,39,149,35,79,93,8,74,67,66,33,27,34,10,9,94,181,36,156,NA,NA,NA,"Pass"
"51",144801,158,184,202,417,157,116,187,89,88,135,223,102,30,78,59,183,62,174,74,149,26,134,123,77,29,256,158,87,143,196,174,81,229,298,318,192,91,154,12,"Pass"
"52",145130,38,1,45,131,4,NA,6,15,16,19,NA,NA,NA,NA,NA,NA,NA,1,14,NA,NA,1,NA,22,5,33,5,NA,NA,1,NA,68,1,NA,NA,24,NA,NA,2,"Pass"
"53",146188,50,10,26,43,3,NA,8,16,51,60,NA,NA,NA,NA,NA,NA,81,109,NA,NA,NA,NA,NA,NA,NA,1,29,18,NA,NA,28,NA,NA,NA,NA,62,NA,2,NA,"Fail"
"54",147756,89,82,73,131,7,5,14,2,23,NA,1,9,NA,9,7,2,8,14,32,4,1,17,6,3,10,33,6,17,3,NA,1,1,1,NA,NA,NA,NA,NA,NA,"Fail"
"55",147793,19,NA,NA,NA,2,89,3,NA,41,1,NA,NA,NA,NA,NA,NA,NA,NA,NA,NA,NA,NA,NA,NA,NA,NA,NA,NA,NA,NA,NA,NA,NA,NA,NA,NA,NA,NA,NA,"Withdrawn"
"56",148993,257,82,237,91,108,80,77,84,57,28,93,42,17,16,51,86,29,62,61,14,60,113,55,64,NA,NA,NA,NA,NA,NA,NA,NA,NA,NA,NA,NA,NA,NA,NA,"Withdrawn"
"57",151358,NA,5,22,10,NA,NA,NA,3,NA,NA,NA,NA,NA,NA,NA,20,5,1,NA,NA,3,NA,NA,87,3,NA,NA,NA,NA,NA,4,84,NA,NA,NA,23,NA,NA,NA,"Pass"
"58",155550,93,NA,43,303,20,16,38,39,23,3,7,NA,NA,NA,53,45,124,103,NA,14,NA,6,3,16,22,24,4,NA,NA,14,35,32,9,17,139,284,NA,NA,NA,"Pass"
"59",155854,302,215,188,136,132,142,159,70,141,49,43,20,29,37,79,161,21,67,76,157,37,62,156,124,16,38,145,117,7,173,20,53,121,395,88,137,55,20,15,"Pass"
"60",155984,250,17,58,201,NA,22,3,11,31,47,62,7,NA,68,NA,4,3,5,12,NA,NA,1,NA,51,NA,NA,8,47,NA,NA,NA,NA,NA,NA,NA,NA,NA,NA,NA,"Withdrawn"
"61",157568,64,50,75,175,NA,20,37,68,39,36,35,NA,NA,NA,33,74,55,25,14,3,53,NA,7,31,100,73,130,NA,9,39,78,13,NA,NA,22,47,NA,NA,NA,"Pass"
"62",159954,140,110,143,73,69,41,87,49,65,75,1,19,20,3,88,23,28,151,NA,NA,NA,NA,NA,NA,NA,NA,NA,NA,NA,NA,NA,NA,NA,NA,NA,NA,NA,NA,NA,"Withdrawn"
"63",164259,6,NA,25,53,NA,1,NA,3,27,3,NA,4,NA,NA,3,31,4,63,3,1,NA,NA,17,NA,45,NA,NA,9,34,25,4,31,20,6,33,9,NA,NA,6,"Pass"
"64",167906,136,94,18,151,NA,53,23,29,116,18,25,19,NA,1,72,39,30,26,82,NA,3,22,2,54,69,83,4,NA,2,NA,25,121,52,30,40,65,4,2,NA,"Pass"
"65",168936,NA,40,56,153,NA,26,NA,NA,42,NA,1,NA,1,27,26,1,NA,36,NA,4,NA,1,1,3,116,10,8,5,NA,NA,19,23,NA,1,54,73,9,9,NA,"Pass"
"66",172112,49,67,37,138,NA,NA,35,NA,7,88,63,22,NA,1,21,32,20,94,42,6,25,32,NA,95,60,29,64,17,27,117,81,106,10,38,178,337,NA,NA,1,"Pass"
"67",172797,138,NA,25,75,5,20,4,32,1,NA,1,NA,NA,14,24,109,15,95,33,3,44,124,68,NA,57,2,83,4,113,15,23,287,171,90,20,6,73,4,4,"Pass"
"68",174782,341,325,283,267,349,110,127,149,165,163,125,140,109,63,191,110,127,116,211,189,99,132,170,173,127,165,175,225,67,157,118,135,193,84,352,264,NA,NA,22,"Pass"
"69",175392,489,228,306,240,132,98,94,189,117,85,71,73,125,80,108,140,182,108,151,114,77,130,65,56,74,91,58,58,40,62,93,136,115,64,62,87,44,3,2,"Pass"
"70",175932,284,41,110,170,48,65,102,234,268,3,31,46,46,19,2,NA,NA,13,4,14,55,134,14,71,48,20,1,3,3,38,9,39,17,2,13,33,10,6,NA,"Pass"
"71",175991,2,1,NA,91,NA,3,NA,3,1,NA,NA,NA,NA,NA,NA,NA,5,5,1,NA,NA,NA,NA,3,3,NA,NA,NA,NA,NA,NA,NA,NA,NA,3,17,NA,NA,NA,"Fail"
"72",180753,113,144,139,117,86,60,30,62,34,40,66,15,23,38,20,20,42,30,88,77,44,14,38,72,57,27,53,48,37,18,55,4,62,67,66,89,11,5,1,"Pass"
"73",181316,94,19,NA,268,45,13,NA,12,6,29,1,NA,NA,NA,NA,NA,NA,NA,NA,NA,NA,NA,NA,NA,NA,NA,NA,NA,NA,NA,NA,NA,NA,NA,NA,NA,NA,NA,NA,"Withdrawn"
"74",183096,256,126,117,95,81,106,21,22,73,67,18,10,30,16,5,27,81,25,13,36,12,11,10,3,209,4,NA,6,NA,135,62,110,80,35,12,61,NA,NA,NA,"Pass"
"75",183947,7,49,81,73,22,29,13,18,58,15,NA,NA,NA,NA,11,NA,18,82,1,13,NA,NA,15,10,15,59,16,NA,NA,5,42,45,3,9,NA,241,NA,14,NA,"Pass"
"76",184271,98,112,48,91,15,71,54,57,60,49,31,25,14,NA,31,34,27,24,35,47,27,18,52,19,NA,33,46,57,57,8,10,35,5,NA,NA,14,7,NA,1,"Pass"
"77",185439,105,36,NA,129,32,3,122,NA,NA,NA,NA,NA,NA,NA,NA,NA,NA,NA,NA,NA,NA,NA,NA,NA,NA,NA,NA,NA,NA,NA,NA,NA,NA,NA,NA,NA,NA,NA,NA,"Fail"
"78",186149,452,114,220,42,26,29,NA,1,52,48,3,213,115,6,6,NA,76,3,7,120,54,80,15,3,1,99,153,7,14,NA,36,11,20,1,2,49,30,11,17,"Pass"
"79",187100,769,557,547,457,169,321,251,245,155,170,165,198,8,23,133,164,155,211,224,283,252,192,153,199,267,359,302,174,NA,157,202,165,299,385,86,143,13,4,5,"Distinction"
"80",188278,80,451,245,207,10,11,123,141,98,68,NA,NA,NA,NA,NA,NA,NA,NA,NA,NA,NA,NA,NA,NA,NA,NA,NA,NA,NA,NA,NA,NA,NA,NA,NA,NA,NA,NA,NA,"Withdrawn"
"81",189879,2,5,195,123,149,7,1,31,47,57,101,NA,NA,NA,NA,33,30,1,86,54,51,25,11,12,15,44,97,29,3,NA,30,20,27,87,127,37,4,NA,NA,"Pass"
"82",192183,148,129,157,189,53,67,49,61,131,68,44,63,29,43,52,26,55,82,48,47,53,116,133,237,230,26,119,123,96,66,14,112,42,38,130,143,NA,NA,NA,"Pass"
"83",195262,3,48,NA,118,1,1,153,1,330,1,107,7,NA,7,14,25,65,159,8,281,36,63,95,134,245,NA,2,1,NA,NA,NA,NA,NA,NA,NA,NA,NA,NA,NA,"Withdrawn"
"84",200860,43,37,129,12,32,NA,25,13,4,14,3,6,3,9,5,NA,3,15,6,26,NA,9,6,4,NA,8,6,NA,3,NA,13,14,21,11,27,20,6,1,NA,"Pass"
"85",202635,196,216,123,103,197,15,NA,NA,90,101,21,NA,NA,NA,NA,127,47,80,20,62,1,19,NA,NA,NA,NA,NA,NA,NA,NA,NA,NA,NA,NA,NA,NA,NA,NA,NA,"Withdrawn"
"86",205350,253,140,134,48,91,33,93,104,23,35,7,10,NA,42,8,44,32,23,27,17,NA,47,48,30,29,8,55,44,16,8,4,46,38,60,35,33,NA,NA,NA,"Pass"
"87",205719,13,17,66,137,1,2,NA,5,3,29,NA,NA,NA,NA,NA,NA,NA,10,13,9,NA,NA,1,2,NA,4,4,1,NA,8,2,6,NA,NA,NA,NA,NA,NA,NA,"Fail"
"88",227499,356,192,63,166,174,77,121,44,101,23,66,111,10,16,67,13,14,150,179,136,226,68,56,3,179,76,77,38,13,14,2,28,18,13,1,62,NA,NA,NA,"Distinction"
"89",227517,140,133,52,238,14,51,49,28,103,NA,NA,7,43,21,4,4,47,103,NA,NA,13,5,18,NA,50,NA,8,7,3,NA,4,36,5,4,NA,3,NA,1,11,"Fail"
"90",228082,8,5,34,31,NA,3,3,12,7,NA,NA,NA,NA,NA,4,3,20,7,NA,3,NA,NA,3,3,8,NA,3,NA,3,16,6,15,8,10,NA,12,NA,NA,NA,"Pass"
"91",228222,NA,7,44,18,NA,NA,NA,13,81,30,NA,16,14,NA,6,1,42,NA,NA,10,3,NA,NA,27,24,3,10,45,NA,19,NA,NA,5,NA,NA,27,NA,NA,NA,"Pass"
"92",229179,65,37,6,92,16,17,6,1,122,NA,1,1,NA,1,1,1,9,48,NA,1,1,2,NA,3,108,NA,1,1,1,1,37,5,NA,22,3,4,NA,NA,NA,"Pass"
"93",229361,32,30,24,56,34,19,39,23,109,3,22,12,3,21,12,8,15,49,34,90,27,26,1,27,181,10,52,22,8,3,52,117,7,26,16,1,1,NA,3,"Pass"
"94",231554,163,24,35,259,39,6,68,154,213,25,NA,NA,NA,67,15,14,NA,139,NA,19,NA,NA,18,87,175,27,NA,10,6,97,33,72,1,14,31,17,11,NA,NA,"Pass"
"95",235507,52,12,24,66,3,22,5,6,NA,NA,NA,NA,NA,NA,NA,NA,NA,NA,NA,NA,NA,NA,NA,NA,NA,NA,NA,NA,NA,NA,NA,NA,NA,NA,NA,NA,NA,NA,NA,"Withdrawn"
"96",236284,NA,NA,NA,132,22,5,NA,1,30,NA,1,NA,NA,5,NA,NA,9,45,1,1,NA,2,3,12,53,NA,6,1,NA,NA,37,7,31,71,249,8,NA,NA,NA,"Pass"
"97",238007,156,100,93,80,60,50,56,26,6,32,21,49,5,16,66,55,55,16,32,92,61,36,36,50,38,144,NA,85,61,29,28,33,186,12,40,30,NA,NA,NA,"Pass"
"98",240712,12,NA,7,41,NA,6,NA,NA,47,NA,NA,NA,NA,NA,NA,NA,7,53,NA,NA,NA,3,NA,3,87,NA,4,NA,NA,NA,8,43,NA,NA,NA,NA,NA,NA,NA,"Pass"
"99",240884,2,54,NA,105,NA,1,NA,4,52,NA,1,1,NA,6,NA,7,27,9,2,NA,NA,2,5,NA,35,1,NA,16,33,23,NA,25,NA,13,NA,3,NA,NA,NA,"Pass"
"100",241649,288,136,124,38,17,119,27,64,60,36,60,46,8,50,29,42,54,28,25,75,60,24,35,40,76,36,10,24,47,46,8,30,34,43,7,37,6,1,2,"Pass"
"101",241729,90,29,81,79,66,NA,1,NA,59,42,51,85,4,15,23,66,54,1,20,75,29,31,57,59,104,29,33,51,31,161,28,42,8,97,142,82,NA,NA,4,"Fail"
"102",242793,52,89,8,9,53,15,NA,10,NA,NA,NA,1,2,4,9,NA,NA,41,90,11,3,NA,9,6,12,40,31,46,18,2,31,35,16,4,NA,6,1,NA,4,"Pass"
"103",246834,113,49,39,155,45,40,2,40,40,NA,NA,NA,NA,NA,NA,NA,4,147,23,14,16,16,NA,40,81,9,NA,NA,NA,13,61,29,23,NA,90,85,NA,NA,NA,"Pass"
"104",248270,251,136,159,78,80,103,143,37,21,13,21,24,14,76,76,23,18,7,40,38,68,31,34,35,25,28,53,18,35,15,35,6,40,65,76,3,15,19,10,"Pass"
"105",255548,362,196,154,282,107,81,131,129,36,60,25,33,20,62,20,28,85,89,24,22,66,36,25,27,57,38,53,27,51,9,27,47,50,38,79,2,NA,2,NA,"Pass"
"106",256815,125,8,NA,NA,2,125,15,62,113,9,8,8,NA,30,11,30,32,NA,34,22,71,51,26,13,55,72,43,11,5,4,NA,30,126,233,NA,41,16,38,12,"Pass"
"107",258392,51,26,54,118,NA,NA,20,3,3,41,NA,NA,NA,NA,18,8,59,73,NA,NA,NA,NA,12,32,NA,138,6,NA,30,NA,4,98,NA,4,NA,46,NA,NA,NA,"Pass"
"108",258894,180,78,122,337,68,68,81,157,52,111,55,90,143,48,211,259,158,114,357,233,251,141,209,165,256,235,89,56,65,40,79,103,77,89,93,92,NA,1,NA,"Pass"
"109",260355,31,55,NA,14,61,39,18,1,27,6,2,NA,NA,5,NA,28,29,42,NA,16,5,6,10,2,29,NA,NA,NA,NA,NA,NA,NA,NA,NA,NA,NA,NA,NA,NA,"Withdrawn"
"110",262011,47,43,221,41,8,25,32,30,37,NA,4,3,NA,NA,50,61,29,4,3,NA,NA,59,72,3,NA,139,28,3,64,23,5,4,NA,NA,5,23,NA,NA,NA,"Pass"
"111",262934,265,177,216,142,118,49,133,122,121,18,8,16,29,32,54,44,49,97,22,63,22,39,31,6,51,29,2,10,34,67,36,40,39,33,91,89,12,1,NA,"Pass"
"112",268073,46,182,213,214,79,108,120,236,84,59,40,NA,10,64,85,28,14,32,53,37,49,15,291,203,129,92,30,93,75,36,75,103,22,124,9,125,35,NA,NA,"Fail"
"113",268733,1,41,8,NA,56,34,1,NA,NA,NA,NA,NA,NA,NA,1,NA,NA,29,1,4,NA,NA,NA,NA,1,1,6,4,NA,NA,NA,NA,NA,NA,NA,NA,NA,NA,NA,"Withdrawn"
"114",271251,292,124,323,120,154,42,231,117,151,14,76,49,NA,26,126,46,75,79,61,159,49,58,94,96,84,29,14,91,147,48,24,13,5,47,37,229,17,NA,1,"Pass"
"115",277880,137,120,247,473,34,108,35,80,18,170,28,14,NA,14,1,3,63,74,2,1,6,1,17,17,245,62,46,NA,NA,NA,NA,NA,NA,NA,NA,NA,NA,NA,NA,"Withdrawn"
"116",279572,155,113,29,65,NA,15,99,35,4,NA,NA,NA,NA,NA,7,80,21,15,35,NA,20,NA,36,94,76,7,15,52,69,4,3,59,17,NA,NA,43,8,NA,7,"Distinction"
"117",281022,12,NA,35,85,NA,23,NA,21,51,3,NA,3,4,4,NA,NA,NA,47,NA,NA,10,NA,NA,NA,64,3,NA,8,3,16,NA,14,23,11,17,35,NA,NA,NA,"Pass"
"118",281250,51,11,NA,17,3,7,11,NA,NA,NA,NA,NA,NA,NA,NA,5,NA,NA,NA,NA,NA,NA,4,NA,9,NA,NA,4,NA,NA,NA,NA,NA,NA,NA,8,NA,NA,NA,"Fail"
"119",281589,25,NA,24,NA,NA,NA,5,NA,NA,NA,NA,NA,NA,NA,NA,NA,NA,NA,NA,NA,5,NA,NA,NA,NA,NA,NA,NA,NA,NA,NA,NA,NA,NA,NA,NA,NA,NA,NA,"Fail"
"120",282821,219,41,247,232,100,65,71,72,30,126,33,9,NA,NA,1,43,92,26,34,37,8,NA,1,172,NA,47,25,6,NA,3,111,30,NA,7,4,69,NA,NA,NA,"Pass"
"121",286488,25,42,36,6,3,1,17,219,5,NA,46,NA,29,NA,1,74,58,5,NA,66,6,67,1,15,35,33,NA,86,NA,28,32,61,33,NA,11,4,1,NA,NA,"Pass"
"122",287548,51,23,56,61,24,17,20,16,22,8,6,5,NA,NA,20,17,27,17,NA,11,NA,5,14,3,19,15,NA,5,1,4,NA,14,1,NA,NA,1,NA,NA,NA,"Pass"
"123",290201,8,161,230,88,102,31,26,42,74,41,45,88,5,19,76,47,13,18,37,37,72,62,57,53,27,32,5,31,24,NA,13,13,56,61,44,2,NA,NA,NA,"Pass"
"124",290757,1,41,19,70,NA,NA,8,NA,45,NA,NA,NA,NA,1,3,NA,NA,58,NA,NA,NA,NA,NA,3,48,NA,NA,NA,NA,NA,3,44,NA,NA,276,26,6,NA,NA,"Pass"
"125",291334,391,247,324,294,79,236,191,107,132,127,186,141,38,60,182,142,206,198,129,178,66,148,132,85,179,110,66,80,84,104,158,91,99,50,60,96,16,12,7,"Distinction"
"126",293699,5,1,NA,NA,NA,6,NA,NA,20,NA,NA,NA,NA,NA,NA,6,NA,15,18,NA,NA,NA,3,2,5,26,4,NA,NA,NA,NA,19,NA,NA,NA,57,NA,NA,NA,"Pass"
"127",294570,157,143,81,49,125,112,40,12,1,1,59,91,19,12,49,128,15,17,82,43,14,NA,115,30,38,39,48,1,10,38,16,12,32,59,54,25,7,NA,1,"Pass"
"128",294594,1,83,49,40,33,22,22,20,71,16,12,20,NA,1,12,11,14,47,23,24,10,11,19,20,108,25,22,17,15,13,28,44,3,NA,5,4,NA,NA,NA,"Pass"
"129",295741,2,48,50,126,18,42,37,80,34,25,6,NA,NA,10,12,25,27,24,3,5,NA,8,5,6,22,1,1,NA,NA,16,9,32,15,1,NA,14,4,1,NA,"Fail"
"130",296332,256,108,128,124,74,51,11,25,23,NA,79,84,70,141,68,9,102,93,74,51,10,28,3,61,99,3,70,55,NA,NA,24,49,56,70,45,3,5,NA,NA,"Distinction"
"131",298696,59,55,35,54,8,31,12,15,6,8,30,8,NA,NA,1,NA,NA,26,9,NA,NA,15,7,6,23,NA,8,25,6,NA,15,NA,2,19,5,25,NA,1,NA,"Pass"
"132",300398,312,55,193,56,53,39,20,10,6,60,41,41,NA,41,6,46,28,13,99,66,43,40,34,19,3,57,27,52,9,21,42,141,138,79,34,59,3,NA,11,"Pass"
"133",302302,34,31,24,64,NA,NA,NA,7,162,26,NA,NA,NA,18,27,55,41,18,NA,5,NA,NA,NA,NA,NA,NA,1,NA,NA,NA,NA,NA,NA,NA,NA,NA,NA,NA,NA,"Fail"
"134",305152,9,NA,26,76,NA,4,NA,1,11,NA,NA,NA,NA,NA,NA,NA,NA,NA,NA,NA,NA,7,NA,NA,NA,NA,NA,NA,NA,12,NA,NA,NA,NA,NA,NA,NA,NA,NA,"Fail"
"135",305386,195,156,30,162,33,14,8,1,18,70,48,12,2,1,4,NA,NA,119,23,25,NA,34,3,8,74,32,65,21,20,20,20,11,24,14,NA,10,NA,NA,NA,"Pass"
"136",305539,68,NA,NA,NA,NA,NA,NA,NA,NA,NA,NA,NA,NA,NA,NA,NA,NA,NA,NA,NA,NA,NA,NA,NA,NA,NA,NA,NA,NA,NA,NA,NA,NA,NA,NA,NA,NA,NA,NA,"Withdrawn"
"137",306107,NA,53,91,4,65,106,17,NA,21,35,36,51,11,2,24,23,33,29,6,13,18,30,13,59,16,24,28,19,15,56,51,19,4,2,NA,13,NA,NA,NA,"Pass"
"138",306466,155,202,7,NA,10,20,63,93,7,3,24,20,NA,6,41,24,32,11,11,23,10,17,28,25,39,5,20,2,70,12,16,129,27,61,5,NA,2,NA,NA,"Pass"
"139",306897,353,263,215,137,189,89,112,63,107,56,40,141,80,75,101,35,31,47,33,21,20,40,8,44,53,37,62,16,14,NA,53,88,28,10,12,35,25,7,2,"Pass"
"140",307061,88,25,92,42,39,27,30,58,21,3,4,1,4,2,44,10,10,105,9,1,5,NA,NA,34,53,7,9,7,16,137,33,39,5,23,48,34,12,3,1,"Pass"
"141",307866,51,96,105,141,57,18,18,71,70,38,11,69,51,37,16,NA,53,42,51,24,25,57,NA,NA,8,138,7,20,8,74,2,9,17,NA,23,67,NA,2,NA,"Pass"
"142",311917,181,114,184,62,56,10,41,103,128,84,61,74,22,54,52,35,100,99,49,22,47,28,24,28,29,54,94,52,16,19,4,23,30,41,86,113,NA,NA,11,"Pass"
"143",312537,672,1030,760,625,668,493,643,468,197,177,277,293,310,198,303,208,251,201,307,307,345,155,246,256,431,344,350,170,215,219,263,291,401,175,220,330,69,8,6,"Distinction"
"144",312782,50,4,3,51,15,12,NA,15,29,2,4,5,1,NA,9,21,NA,2,NA,3,NA,1,NA,3,2,NA,8,1,NA,3,28,4,NA,3,1,1,NA,NA,NA,"Pass"
"145",318933,199,122,65,39,NA,18,77,81,24,10,15,94,9,26,9,45,35,17,3,16,25,82,45,12,20,3,6,15,2,30,2,NA,54,NA,48,29,NA,4,NA,"Pass"
"146",319047,273,103,194,293,100,167,77,144,112,140,25,80,84,33,205,101,119,219,182,200,185,199,278,296,418,227,139,174,210,70,192,388,217,240,186,258,52,6,3,"Pass"
"147",321942,813,64,840,660,510,293,401,294,240,258,251,248,73,151,447,234,333,278,277,253,221,213,283,102,284,191,158,187,88,77,258,216,266,161,143,277,4,19,17,"Pass"
"148",324002,161,154,114,203,16,50,83,28,81,26,26,22,NA,46,64,44,38,96,24,24,33,62,29,46,91,3,12,20,53,42,45,41,6,21,22,75,NA,NA,NA,"Pass"
"149",324084,136,62,84,54,96,17,66,74,15,32,26,49,NA,67,42,102,30,71,68,42,66,53,95,95,27,81,94,81,29,47,NA,76,5,26,NA,51,NA,NA,2,"Pass"
"150",324282,33,NA,3,24,3,5,1,1,2,NA,5,1,NA,1,1,11,NA,6,NA,4,NA,NA,NA,NA,2,1,NA,NA,1,2,NA,19,2,NA,NA,2,NA,1,2,"Pass"
"151",331358,488,355,223,187,327,176,178,65,377,NA,NA,NA,NA,NA,NA,NA,NA,NA,NA,NA,NA,NA,NA,NA,NA,NA,NA,NA,NA,NA,NA,NA,NA,NA,NA,NA,NA,NA,NA,"Withdrawn"
"152",332789,197,39,58,3,75,70,119,75,58,1,NA,17,1,4,NA,18,69,45,24,20,NA,90,51,56,60,31,47,59,NA,27,13,17,86,83,83,33,NA,NA,26,"Pass"
"153",333059,1,9,7,28,NA,1,6,13,11,NA,NA,NA,NA,NA,NA,3,1,20,NA,1,NA,NA,4,NA,91,NA,9,9,NA,NA,NA,39,NA,NA,NA,48,NA,NA,NA,"Pass"
"154",333323,32,29,18,96,3,21,1,NA,46,NA,19,NA,NA,NA,NA,5,NA,25,NA,1,NA,NA,4,19,29,NA,1,NA,NA,3,1,140,NA,81,NA,56,4,14,NA,"Pass"
"155",334259,59,23,32,129,NA,16,6,NA,5,2,NA,1,NA,NA,NA,4,NA,25,NA,NA,2,NA,NA,NA,26,NA,NA,1,NA,NA,1,NA,NA,NA,NA,NA,NA,NA,NA,"Fail"
"156",334333,130,31,15,62,7,7,32,1,NA,15,3,NA,NA,NA,NA,NA,NA,NA,NA,NA,NA,NA,NA,NA,NA,NA,NA,NA,NA,NA,NA,NA,NA,NA,NA,NA,NA,NA,NA,"Withdrawn"
"157",335764,214,187,334,131,119,115,166,160,53,97,106,16,24,8,48,52,104,94,79,51,32,30,41,25,NA,NA,NA,NA,NA,NA,NA,NA,NA,NA,NA,NA,NA,NA,NA,"Withdrawn"
"158",336207,26,144,135,135,71,33,49,57,26,47,27,39,NA,1,43,40,19,17,23,34,16,11,54,32,NA,29,37,30,21,NA,23,56,7,3,6,15,NA,6,4,"Pass"
"159",339972,30,57,NA,28,NA,2,NA,6,6,NA,NA,1,NA,11,NA,15,27,35,NA,NA,NA,1,NA,5,60,NA,NA,1,NA,1,5,30,10,NA,1,NA,NA,NA,1,"Pass"
"160",341872,NA,NA,NA,NA,NA,NA,NA,NA,13,17,6,12,NA,NA,NA,2,12,5,1,NA,NA,3,8,3,NA,4,NA,NA,23,26,34,27,NA,5,NA,NA,NA,NA,NA,"Fail"
"161",342007,65,147,142,229,143,53,58,42,1,NA,NA,NA,NA,NA,NA,NA,NA,NA,NA,NA,NA,NA,NA,NA,NA,NA,NA,NA,NA,NA,NA,NA,NA,NA,NA,NA,NA,NA,NA,"Withdrawn"
"162",342514,289,38,115,87,57,6,73,59,149,67,14,20,NA,NA,3,90,14,24,6,139,62,NA,6,16,46,101,88,136,40,9,1,72,112,1,NA,9,NA,NA,1,"Pass"
"163",342972,159,45,66,24,27,63,47,5,38,12,7,11,NA,2,2,36,29,17,1,NA,3,13,43,14,11,2,36,11,8,17,10,4,47,10,2,15,1,NA,NA,"Pass"
"164",343446,134,195,163,221,181,125,154,188,52,181,201,101,86,41,163,117,148,151,204,44,48,29,28,35,53,72,44,NA,9,24,37,26,30,128,27,155,26,10,13,"Pass"
"165",344282,NA,13,10,5,NA,NA,3,1,3,NA,3,NA,NA,NA,3,NA,NA,NA,NA,NA,3,NA,NA,3,3,NA,NA,NA,NA,NA,3,5,4,NA,NA,3,NA,NA,NA,"Fail"
"166",345068,3,5,4,93,NA,NA,NA,NA,3,74,NA,NA,NA,NA,32,58,4,75,1,NA,NA,19,9,7,71,2,NA,1,7,4,15,54,NA,NA,NA,6,NA,NA,NA,"Pass"
"167",345357,161,122,104,46,30,57,116,34,44,43,71,90,NA,66,57,46,67,42,58,59,63,72,76,27,120,24,61,27,NA,23,26,32,NA,163,110,63,4,6,9,"Distinction"
"168",346025,13,5,64,62,28,9,15,53,28,2,3,1,1,1,NA,1,58,17,20,13,NA,10,30,32,25,7,3,1,1,6,NA,3,2,1,31,17,5,NA,1,"Pass"
"169",346843,NA,NA,30,NA,76,NA,22,36,NA,NA,NA,NA,NA,NA,NA,NA,NA,NA,NA,NA,NA,NA,NA,NA,NA,NA,NA,NA,NA,NA,NA,NA,NA,NA,NA,NA,NA,NA,NA,"Fail"
"170",350188,26,34,27,89,NA,64,17,27,18,NA,3,NA,NA,18,11,23,35,40,7,NA,1,NA,2,46,26,NA,4,31,NA,7,63,22,6,7,NA,75,9,NA,23,"Pass"
"171",354858,144,54,NA,NA,NA,NA,NA,NA,NA,NA,NA,NA,NA,NA,NA,NA,NA,NA,NA,NA,NA,NA,NA,NA,NA,NA,NA,NA,NA,NA,NA,NA,NA,NA,NA,NA,NA,NA,NA,"Withdrawn"
"172",357668,NA,20,NA,21,2,5,1,3,36,NA,NA,NA,1,NA,NA,NA,4,60,1,1,NA,NA,4,NA,2,5,NA,NA,NA,NA,NA,NA,NA,NA,NA,NA,NA,NA,NA,"Fail"
"173",364177,35,91,25,46,12,NA,74,NA,8,13,19,55,NA,NA,NA,2,29,63,3,NA,NA,82,15,47,86,37,NA,23,NA,6,13,37,NA,NA,NA,NA,NA,NA,NA,"Fail"
"174",365244,111,130,109,36,21,NA,19,30,45,5,NA,NA,NA,NA,1,14,39,58,6,4,NA,NA,10,43,46,3,NA,NA,NA,8,35,21,10,2,35,49,NA,1,NA,"Pass"
"175",365642,203,143,134,87,NA,83,68,104,116,22,34,24,1,17,76,77,45,49,18,22,94,37,86,92,30,22,47,16,6,19,20,62,59,48,73,77,6,5,7,"Pass"
"176",366483,95,50,114,72,37,50,39,59,27,54,26,15,NA,17,88,68,70,31,37,44,56,33,62,44,24,55,54,49,NA,40,2,36,3,1,2,11,NA,NA,NA,"Pass"
"177",368194,77,NA,NA,37,NA,NA,3,NA,26,17,37,4,NA,NA,NA,NA,6,53,7,10,NA,NA,NA,NA,3,NA,38,NA,NA,24,10,29,NA,4,7,45,NA,NA,NA,"Pass"
"178",368824,53,NA,19,NA,NA,NA,NA,4,9,NA,23,NA,NA,NA,NA,NA,5,NA,3,NA,NA,36,NA,3,NA,12,26,NA,20,NA,6,NA,NA,20,36,11,6,NA,NA,"Fail"
"179",368963,43,81,127,1,48,36,29,14,14,23,24,22,34,NA,23,5,20,15,1,NA,17,NA,30,NA,9,NA,NA,20,9,2,8,NA,21,NA,1,NA,NA,NA,NA,"Pass"
"180",376439,374,144,204,126,44,27,35,33,63,25,53,26,17,NA,4,16,18,37,19,8,80,75,13,31,62,57,26,31,86,54,77,80,108,75,72,120,22,NA,NA,"Distinction"
"181",376581,NA,38,68,304,NA,104,87,44,15,82,41,10,NA,43,35,83,67,127,26,89,10,83,60,66,52,66,63,4,64,145,76,68,241,11,36,25,NA,NA,NA,"Pass"
"182",380953,75,79,74,34,81,57,50,19,71,3,NA,NA,NA,NA,75,12,18,33,4,2,17,4,13,65,57,NA,6,31,3,12,9,69,32,50,NA,6,1,NA,NA,"Pass"
"183",383254,6,41,19,46,28,18,31,9,10,29,29,13,NA,1,1,16,1,8,7,3,3,NA,1,9,25,26,33,61,10,NA,NA,35,NA,NA,24,NA,NA,NA,NA,"Pass"
"184",386924,NA,6,7,16,16,2,6,5,1,5,NA,NA,1,4,8,12,9,7,NA,NA,NA,NA,3,24,NA,NA,NA,NA,NA,4,6,20,NA,2,NA,NA,NA,NA,NA,"Pass"
"185",386952,151,95,14,62,4,58,38,23,47,10,2,23,20,4,8,4,21,36,6,16,17,32,6,4,2,76,12,9,4,10,13,27,15,5,4,25,4,1,2,"Pass"
"186",388722,63,36,73,93,31,25,26,8,26,3,1,2,NA,NA,NA,1,12,1,11,16,NA,10,53,12,37,1,NA,NA,NA,6,24,3,NA,1,12,76,8,NA,NA,"Pass"
"187",388885,122,35,25,70,25,30,18,25,41,9,2,NA,NA,NA,NA,11,NA,70,2,9,7,NA,NA,43,NA,NA,1,NA,NA,NA,56,47,24,58,94,51,NA,NA,NA,"Pass"
"188",390890,45,89,101,68,23,27,1,NA,26,27,8,NA,NA,4,12,7,NA,85,NA,5,NA,4,NA,NA,2,84,NA,18,3,NA,NA,NA,NA,NA,NA,NA,NA,NA,NA,"Withdrawn"
"189",392756,32,2,11,109,7,2,3,NA,11,4,1,26,NA,NA,3,NA,12,22,6,17,NA,14,3,NA,50,8,1,NA,NA,NA,NA,7,NA,1,3,8,NA,NA,NA,"Fail"
"190",392931,68,78,123,15,152,57,85,5,110,18,50,29,NA,11,42,68,34,95,56,57,34,43,21,143,106,72,38,27,53,80,58,77,284,269,229,256,38,18,4,"Pass"
"191",393207,22,61,91,64,NA,3,10,1,104,1,3,NA,NA,NA,8,NA,30,32,1,6,NA,2,13,3,68,NA,6,2,16,53,56,24,62,1,NA,133,NA,NA,NA,"Pass"
"192",396872,26,22,6,122,8,59,56,111,28,NA,NA,NA,NA,7,NA,1,NA,5,106,9,4,1,NA,42,16,106,28,1,NA,4,20,124,48,9,NA,27,NA,NA,NA,"Pass"
"193",398552,12,42,135,35,NA,126,44,48,43,2,37,44,50,8,56,4,7,28,5,11,101,54,72,49,12,50,93,NA,NA,1,1,5,2,2,2,NA,NA,1,1,"Fail"
"194",401869,131,61,37,220,12,75,32,17,26,11,3,3,NA,14,13,12,17,26,40,1,28,2,NA,4,3,39,1,NA,NA,NA,31,17,18,17,6,19,10,9,NA,"Pass"
"195",402470,164,157,58,168,45,59,53,8,188,53,30,4,48,18,16,13,52,87,17,9,15,4,7,65,41,1,NA,NA,NA,1,38,7,1,NA,2,15,NA,NA,1,"Pass"
"196",404804,161,25,NA,154,35,NA,NA,NA,55,7,NA,NA,NA,NA,3,NA,15,24,8,NA,NA,NA,NA,NA,4,NA,NA,NA,NA,2,NA,NA,NA,NA,NA,16,NA,NA,NA,"Pass"
"197",405088,200,NA,93,73,NA,23,11,35,76,NA,2,7,NA,NA,34,40,1,5,102,NA,10,1,NA,1,75,NA,5,19,NA,65,21,78,11,52,269,76,3,NA,NA,"Pass"
"198",414117,31,NA,63,136,4,7,NA,13,48,12,26,1,2,NA,3,5,7,10,46,1,2,2,1,4,112,6,24,5,NA,15,7,7,142,9,22,33,1,NA,NA,"Pass"
"199",415969,337,142,154,324,44,10,4,5,NA,112,14,NA,NA,13,42,23,59,NA,66,NA,NA,6,NA,4,NA,NA,NA,NA,NA,NA,NA,NA,NA,NA,NA,NA,NA,NA,NA,"Withdrawn"
"200",420087,NA,6,NA,102,NA,NA,NA,NA,126,2,5,NA,NA,NA,NA,NA,NA,56,21,1,8,2,NA,NA,10,3,NA,NA,NA,NA,NA,NA,NA,NA,NA,NA,NA,NA,NA,"Fail"
"201",429958,NA,14,5,66,NA,NA,NA,5,33,NA,NA,NA,NA,NA,3,NA,3,103,NA,NA,NA,1,67,NA,31,NA,NA,NA,NA,NA,15,44,NA,20,NA,1,NA,NA,NA,"Pass"
"202",441018,114,13,6,99,10,NA,NA,19,9,3,NA,NA,NA,2,NA,NA,29,39,NA,3,1,35,1,1,39,NA,NA,6,41,19,12,34,10,16,81,4,NA,NA,NA,"Pass"
"203",441888,9,64,2,85,NA,NA,NA,NA,60,1,NA,NA,NA,NA,NA,9,22,44,2,4,NA,NA,NA,NA,70,7,2,NA,NA,NA,26,22,3,5,5,297,NA,NA,NA,"Pass"
"204",442442,112,67,154,191,29,66,28,13,137,18,22,45,NA,16,16,42,8,6,9,NA,NA,NA,NA,18,12,NA,NA,NA,NA,NA,NA,NA,NA,NA,NA,NA,NA,NA,NA,"Withdrawn"
"205",444677,48,31,66,116,15,38,64,51,36,16,46,61,13,18,29,17,23,26,17,71,22,56,39,8,19,85,19,74,21,36,2,12,33,1,NA,6,2,3,1,"Distinction"
"206",470588,47,6,3,230,15,30,64,1,NA,NA,4,NA,NA,NA,NA,NA,NA,NA,NA,NA,NA,NA,NA,NA,NA,NA,NA,NA,NA,NA,NA,NA,NA,NA,NA,NA,NA,NA,NA,"Withdrawn"
"207",489455,441,158,71,110,30,99,58,35,61,NA,31,43,33,19,49,39,5,70,107,40,16,76,57,53,108,19,25,52,81,109,131,86,148,108,67,177,12,8,NA,"Pass"
"208",494424,15,NA,NA,43,NA,NA,NA,NA,NA,NA,NA,NA,NA,NA,NA,NA,NA,NA,NA,NA,NA,NA,NA,NA,NA,NA,NA,NA,NA,NA,NA,NA,NA,NA,NA,NA,NA,NA,NA,"Fail"
"209",495284,NA,84,78,125,24,38,38,47,89,19,3,1,NA,27,66,24,39,6,3,23,1,29,25,2,1,18,25,NA,7,2,NA,34,NA,2,1,19,NA,NA,1,"Pass"
"210",498857,47,125,43,48,36,49,42,7,51,26,36,24,NA,21,23,5,10,21,17,10,3,22,2,19,40,4,6,NA,36,NA,7,148,44,5,17,4,NA,NA,NA,"Pass"
"211",508818,64,107,50,350,2,15,NA,16,126,1,NA,2,NA,NA,2,18,NA,61,1,4,4,NA,11,NA,137,NA,2,NA,NA,3,3,26,NA,11,NA,113,NA,NA,NA,"Pass"
"212",512460,19,47,NA,26,12,43,46,34,26,8,20,NA,NA,18,37,4,12,NA,NA,7,NA,NA,NA,35,26,NA,3,1,NA,53,15,10,18,NA,1,NA,NA,NA,NA,"Pass"
"213",544103,288,152,246,306,53,38,84,54,87,9,36,31,16,NA,1,72,81,90,33,6,20,NA,1,84,43,20,8,79,1,1,55,121,5,NA,42,164,NA,NA,1,"Pass"
"214",550383,105,93,101,91,42,67,17,9,10,22,21,76,NA,NA,NA,55,4,5,NA,93,18,32,NA,NA,1,2,NA,17,10,NA,NA,NA,16,1,NA,2,NA,NA,NA,"Pass"
"215",564450,32,NA,NA,43,NA,1,NA,13,NA,NA,NA,NA,2,NA,NA,7,6,2,NA,2,NA,NA,NA,3,7,1,1,NA,NA,NA,9,37,3,1,48,4,1,1,NA,"Fail"
"216",568601,NA,NA,72,119,26,9,30,86,22,7,NA,NA,NA,NA,1,NA,NA,17,99,NA,NA,NA,NA,NA,NA,NA,NA,NA,NA,NA,NA,NA,NA,NA,NA,NA,NA,NA,NA,"Withdrawn"
"217",572652,2,91,NA,57,9,NA,91,8,10,1,NA,4,NA,NA,7,10,1,NA,NA,NA,NA,11,NA,36,23,NA,NA,NA,NA,1,3,50,44,1,14,306,NA,NA,NA,"Pass"
"218",580389,106,291,93,121,3,NA,56,57,85,9,2,19,NA,NA,29,3,9,66,NA,NA,NA,NA,3,NA,NA,60,NA,4,NA,NA,1,88,NA,69,58,39,NA,NA,NA,"Pass"
"219",581129,NA,NA,14,74,NA,NA,1,NA,13,3,NA,NA,NA,NA,NA,2,7,NA,NA,1,NA,32,NA,NA,4,13,NA,NA,9,NA,NA,21,NA,NA,NA,NA,NA,NA,NA,"Fail"
"220",588775,108,413,364,129,216,237,242,236,123,215,105,150,53,70,247,161,161,154,138,132,66,264,204,127,242,247,126,119,105,181,244,247,338,205,288,348,50,5,7,"Pass"
"221",591774,60,32,49,31,54,47,NA,82,16,NA,NA,NA,NA,1,10,NA,14,NA,28,NA,54,52,NA,4,NA,1,16,NA,NA,NA,14,16,NA,NA,NA,18,NA,6,NA,"Pass"
"222",603861,37,10,73,87,48,64,18,13,53,1,NA,13,NA,NA,4,68,22,34,58,57,19,71,52,15,47,12,25,34,NA,1,19,NA,NA,NA,NA,NA,NA,NA,NA,"Withdrawn"
"223",606143,74,12,71,100,20,29,16,6,38,1,12,5,NA,NA,17,NA,3,2,NA,NA,NA,NA,NA,NA,NA,NA,NA,NA,NA,NA,NA,NA,NA,NA,NA,NA,NA,NA,NA,"Fail"
"224",704156,103,128,227,165,67,205,60,61,47,108,131,28,72,14,86,54,9,9,41,41,58,54,41,32,65,76,40,NA,296,46,43,8,55,234,132,199,29,NA,NA,"Pass"
"225",705379,450,187,110,147,26,126,169,94,91,51,96,97,16,174,100,161,223,89,105,114,50,119,113,157,154,307,208,169,172,191,154,167,365,113,263,261,81,5,5,"Distinction"
"226",721259,466,195,266,301,NA,NA,NA,NA,NA,NA,NA,NA,NA,NA,NA,NA,NA,NA,NA,NA,NA,NA,NA,NA,NA,NA,NA,NA,NA,NA,NA,NA,NA,NA,NA,NA,NA,NA,NA,"Withdrawn"
"227",749412,321,248,299,294,102,117,136,81,118,87,50,180,29,48,51,36,132,82,111,99,121,38,76,40,NA,101,33,115,51,159,145,122,78,72,160,69,NA,3,3,"Pass"
"228",760729,438,403,100,371,391,166,143,244,276,223,217,273,83,92,286,150,204,252,254,202,143,207,140,187,209,202,125,195,132,78,149,143,224,125,93,96,48,12,12,"Distinction"
"229",905042,278,259,73,49,34,59,154,239,113,11,19,9,NA,30,75,26,103,65,39,6,NA,46,31,71,103,18,34,43,33,76,94,136,105,85,237,235,16,NA,NA,"Pass"
"230",949618,122,90,97,46,42,10,77,63,13,13,29,NA,47,8,44,63,61,48,24,25,10,8,40,46,52,15,17,NA,18,51,33,10,35,14,NA,47,36,1,2,"Pass"
"231",958987,28,36,21,67,18,67,18,3,53,33,17,13,4,40,101,38,3,74,26,27,22,1,25,9,88,15,38,9,7,23,70,94,NA,5,24,86,8,5,NA,"Pass"
"232",968578,43,15,6,30,76,21,27,47,37,19,NA,NA,NA,NA,9,37,23,63,24,NA,41,3,24,33,39,58,13,28,5,8,5,73,NA,12,4,42,NA,5,NA,"Pass"
"233",969076,40,171,177,152,61,138,112,89,92,80,102,67,53,74,69,26,16,48,29,55,35,50,92,25,77,50,NA,NA,NA,NA,NA,NA,NA,NA,NA,NA,NA,NA,NA,"Withdrawn"
"234",971027,220,128,172,125,152,120,80,67,58,26,63,7,16,39,48,76,45,85,56,109,60,98,69,77,53,43,111,49,33,24,69,53,52,185,117,294,NA,19,NA,"Pass"
"235",978739,489,75,574,329,309,42,238,359,159,106,86,239,104,94,81,NA,318,164,197,82,77,41,14,214,138,319,64,89,32,NA,151,249,41,204,91,142,67,4,6,"Pass"
"236",1035023,88,47,69,131,59,65,63,45,34,33,50,49,7,57,53,34,40,43,50,51,49,43,29,141,69,73,73,88,28,21,48,35,29,10,26,63,3,NA,NA,"Pass"
"237",1105478,181,99,162,78,55,92,211,60,36,38,13,1,47,3,21,11,15,26,17,39,8,71,86,71,42,11,17,5,3,3,6,10,5,56,13,75,5,3,NA,"Pass"
"238",1352868,35,NA,175,170,NA,NA,NA,6,40,74,22,18,NA,NA,NA,3,NA,4,16,17,NA,4,NA,NA,NA,22,3,29,NA,NA,NA,NA,NA,NA,NA,NA,NA,3,NA,"Withdrawn"
"239",1401935,57,68,20,25,1,4,10,15,NA,15,4,NA,2,NA,5,NA,11,NA,NA,3,NA,NA,NA,NA,NA,NA,NA,NA,NA,NA,NA,NA,NA,NA,NA,NA,NA,NA,NA,"Fail"
"240",1402638,102,118,41,43,75,67,NA,40,NA,NA,36,4,9,NA,37,12,11,5,45,16,4,NA,14,2,NA,54,40,33,7,4,33,21,5,17,NA,14,1,NA,NA,"Pass"
"241",1414443,43,159,72,146,266,109,59,25,2,1,1,141,43,121,1,50,8,5,179,NA,108,NA,19,NA,27,69,NA,60,NA,20,160,13,NA,NA,NA,NA,NA,NA,NA,"Fail"
"242",1456619,150,88,78,113,38,NA,NA,NA,NA,NA,NA,NA,NA,NA,NA,NA,NA,NA,NA,NA,NA,NA,NA,NA,NA,NA,NA,NA,NA,NA,NA,NA,NA,NA,NA,NA,NA,NA,NA,"Withdrawn"
"243",1465690,184,46,9,359,105,114,186,177,124,29,55,7,5,56,91,34,54,60,120,175,NA,124,11,111,94,4,62,116,68,191,112,139,169,133,58,78,NA,NA,NA,"Pass"
"244",1472925,NA,NA,NA,NA,67,171,9,24,71,12,NA,NA,NA,NA,2,18,NA,23,127,NA,6,7,7,18,181,3,1,45,NA,NA,21,64,NA,NA,35,27,NA,NA,NA,"Fail"
"245",1488959,164,42,89,330,194,269,125,64,81,84,28,81,26,51,43,28,133,56,2,8,NA,77,36,321,168,183,35,137,66,43,125,70,60,146,72,56,NA,NA,NA,"Pass"
"246",1518989,100,443,157,220,231,28,188,95,264,118,9,76,26,74,NA,75,19,215,149,199,130,62,14,36,182,213,73,74,50,43,63,255,126,40,49,87,18,NA,1,"Pass"
"247",1618738,NA,16,247,2,10,NA,NA,NA,91,87,NA,NA,NA,96,NA,NA,NA,NA,53,NA,NA,NA,NA,46,NA,NA,NA,NA,39,NA,4,1,9,NA,NA,22,NA,NA,NA,"Pass"
"248",1620151,113,99,111,343,NA,1,1,92,14,5,12,NA,1,NA,1,3,8,13,106,70,NA,NA,4,NA,1,NA,NA,NA,NA,NA,NA,NA,NA,NA,NA,NA,NA,NA,NA,"Fail"
"249",1626710,741,242,313,247,199,175,135,240,66,190,109,144,157,109,228,102,174,70,97,268,167,164,124,188,38,204,109,138,107,86,75,155,141,22,71,171,38,18,3,"Distinction"
"250",1640609,490,219,361,232,100,124,122,93,132,122,95,202,100,84,183,108,126,140,176,152,98,127,137,93,103,145,51,60,30,87,77,160,142,99,95,164,24,6,2,"Pass"
"251",1686521,148,111,104,195,41,44,NA,NA,NA,NA,NA,NA,NA,NA,NA,NA,NA,NA,NA,NA,NA,NA,NA,NA,NA,NA,NA,NA,NA,NA,NA,NA,NA,NA,NA,NA,NA,NA,NA,"Withdrawn"
"252",1729319,173,20,178,131,81,100,43,56,120,15,8,NA,1,8,70,31,63,179,13,58,108,8,111,57,131,121,35,57,15,50,113,111,145,46,71,229,NA,NA,NA,"Pass"
"253",1746134,55,149,114,41,NA,20,39,87,309,NA,20,NA,69,93,39,59,18,NA,98,29,70,3,26,23,NA,NA,1,96,18,48,NA,1,40,87,70,37,NA,NA,NA,"Pass"
"254",1758449,484,13,434,283,145,158,108,128,129,163,159,187,52,34,255,24,NA,NA,NA,NA,NA,NA,NA,NA,NA,NA,NA,NA,NA,NA,NA,NA,NA,NA,NA,NA,NA,NA,NA,"Withdrawn"
"255",1763015,420,NA,NA,NA,NA,NA,NA,NA,NA,NA,NA,NA,NA,NA,NA,NA,NA,NA,NA,NA,NA,NA,NA,NA,NA,NA,NA,NA,NA,NA,NA,NA,NA,NA,NA,NA,NA,NA,NA,"Withdrawn"
"256",1765788,550,354,434,377,486,75,204,152,84,137,275,104,141,243,92,47,113,69,219,148,132,148,171,55,79,180,82,110,92,141,200,97,374,62,202,142,77,206,203,"Pass"
"257",1801229,24,85,116,182,46,31,7,58,62,44,NA,NA,NA,NA,1,NA,37,119,NA,NA,NA,3,NA,29,134,62,17,32,NA,84,50,75,10,7,25,103,NA,NA,NA,"Pass"
"258",1801641,65,17,78,3,26,18,31,23,10,NA,NA,21,7,21,9,NA,NA,3,1,NA,22,33,20,20,NA,NA,1,20,NA,NA,NA,NA,NA,4,6,NA,NA,NA,NA,"Pass"
"259",1847830,139,160,279,295,203,100,114,57,352,13,80,57,138,147,52,120,185,205,176,180,66,159,189,193,235,174,107,150,120,172,201,248,249,178,286,513,194,24,8,"Pass"
"260",1860318,258,152,3,72,195,132,58,158,104,103,170,214,79,118,248,95,NA,338,326,212,179,216,232,175,156,155,224,273,91,144,140,199,187,115,112,272,54,9,7,"Pass"
"261",1889511,67,53,111,181,21,40,93,125,100,12,NA,NA,NA,22,18,34,45,32,36,4,NA,NA,17,31,165,1,5,44,39,45,29,139,36,115,58,36,NA,NA,NA,"Pass"
"262",1889577,7,147,75,84,12,2,23,2,76,16,9,NA,20,NA,NA,22,17,18,NA,13,21,36,32,25,4,1,54,34,38,17,NA,80,12,17,11,5,NA,NA,1,"Pass"
"263",1894188,292,196,112,98,65,82,55,2,42,52,100,46,10,55,26,60,43,95,55,102,34,144,12,1411,652,4,352,NA,NA,NA,5,37,12,21,NA,13,4,NA,5,"Pass"
"264",1938355,248,143,163,78,87,70,15,36,25,40,17,44,12,9,34,94,47,32,63,39,34,57,43,11,19,46,52,67,55,19,14,25,28,36,4,56,102,16,12,"Pass"
"265",1942396,101,7,59,65,34,NA,6,36,15,2,8,NA,NA,NA,NA,NA,4,3,8,NA,NA,NA,4,1,10,5,NA,17,1,3,10,33,NA,NA,31,3,4,NA,NA,"Pass"
"266",1970390,657,305,621,740,608,283,549,369,357,311,353,398,128,65,297,364,344,259,402,396,320,192,248,243,231,285,185,189,69,NA,109,385,320,206,255,96,NA,NA,NA,"Withdrawn"
"267",1976139,211,NA,6,24,NA,5,58,9,45,6,1,42,20,11,8,41,5,19,62,62,NA,NA,NA,NA,2,35,140,17,121,NA,NA,82,NA,98,71,13,NA,NA,2,"Pass"
"268",2011876,39,109,54,80,47,NA,15,21,42,NA,4,6,2,NA,6,47,NA,121,16,11,NA,64,26,37,117,5,73,36,25,39,76,49,16,104,71,42,NA,NA,1,"Pass"
"269",2012966,36,122,33,108,33,16,9,NA,NA,NA,NA,NA,6,3,10,2,NA,9,72,1,6,22,NA,1,4,1,NA,NA,NA,3,NA,1,NA,13,1,4,NA,NA,3,"Pass"
"270",2051699,47,96,113,224,89,135,125,21,176,37,2,22,11,NA,7,9,29,72,10,NA,NA,5,NA,NA,1,290,37,1,NA,NA,50,15,11,1,3,92,NA,NA,3,"Pass"
"271",2062879,200,186,78,53,77,56,73,98,122,32,24,68,8,46,71,87,67,38,38,55,22,100,64,88,50,48,67,58,18,39,74,67,47,71,84,12,NA,NA,NA,"Fail"
"272",2065691,1,NA,NA,NA,NA,29,294,115,217,234,65,338,51,NA,17,61,1,3,4,NA,NA,NA,NA,NA,NA,NA,NA,NA,NA,NA,NA,NA,NA,NA,NA,NA,NA,NA,NA,"Withdrawn"
"273",2073016,27,173,149,71,62,67,28,35,30,45,17,32,NA,7,NA,54,26,13,1,2,NA,5,NA,4,1,NA,NA,NA,NA,NA,NA,NA,NA,NA,NA,NA,NA,NA,NA,"Withdrawn"
"274",2080474,44,45,48,91,16,84,1,3,59,NA,65,20,NA,50,37,14,11,73,1,NA,38,14,82,23,3,24,55,NA,18,12,22,72,15,1,12,79,11,3,NA,"Pass"
"275",2083877,92,35,113,87,29,42,9,24,8,4,6,21,NA,NA,1,7,4,16,36,10,NA,1,NA,33,36,NA,NA,3,3,2,21,10,NA,NA,1,31,NA,NA,NA,"Pass"
"276",2084066,125,62,226,425,104,104,69,76,110,97,16,NA,20,1,NA,NA,3,87,33,44,4,NA,9,24,45,93,107,NA,40,NA,23,20,NA,NA,NA,NA,NA,NA,NA,"Fail"
"277",2104505,1,137,60,109,19,42,11,30,65,1,NA,NA,7,30,NA,NA,13,11,NA,2,NA,NA,NA,31,45,NA,2,NA,1,1,25,28,NA,6,19,2,3,NA,NA,"Pass"
"278",2122180,403,218,89,189,79,94,77,115,113,213,71,NA,NA,34,41,89,183,218,392,40,184,156,71,209,143,59,225,138,136,57,59,108,100,70,192,130,NA,17,NA,"Distinction"
"279",2139353,14,64,38,83,90,61,87,66,58,38,2,NA,53,6,55,40,58,123,35,69,5,28,88,101,NA,NA,NA,NA,NA,NA,NA,NA,NA,NA,NA,NA,NA,NA,NA,"Withdrawn"
"280",2143752,122,110,129,67,85,135,33,76,69,NA,26,18,6,NA,55,81,98,24,3,20,4,47,30,117,19,NA,NA,146,32,49,24,90,34,NA,67,72,NA,NA,NA,"Pass"
"281",2146792,148,80,131,110,73,49,73,85,82,42,32,87,17,37,71,24,31,15,49,86,23,93,65,56,95,47,75,69,58,62,27,15,40,14,25,38,260,NA,1,"Pass"
"282",2149225,238,21,60,NA,NA,NA,NA,NA,NA,NA,NA,NA,NA,NA,NA,NA,NA,NA,NA,NA,NA,NA,NA,NA,NA,NA,NA,NA,NA,NA,NA,NA,NA,NA,NA,NA,NA,NA,NA,"Withdrawn"
"283",2153153,NA,289,312,161,122,57,101,43,113,64,29,94,53,141,4,79,106,84,55,31,NA,44,38,209,99,49,65,283,13,75,126,107,128,70,55,74,12,NA,NA,"Pass"
"284",2155014,103,108,3,268,96,84,43,NA,13,6,11,NA,65,80,29,NA,3,NA,35,8,NA,1,20,NA,31,37,71,3,43,65,8,22,11,108,79,NA,NA,NA,NA,"Pass"
"285",2164705,30,NA,14,142,NA,NA,4,29,12,NA,NA,NA,NA,NA,NA,NA,NA,NA,NA,NA,NA,NA,NA,NA,NA,NA,NA,NA,NA,NA,NA,NA,NA,NA,NA,NA,NA,NA,NA,"Fail"
"286",2171627,116,46,70,34,37,53,53,73,52,44,23,50,26,26,35,12,17,11,41,42,16,42,84,11,13,46,43,17,26,15,30,63,3,17,NA,26,24,9,NA,"Pass"
"287",2182846,321,209,234,230,77,62,86,112,141,73,89,171,19,61,119,78,141,54,92,116,87,90,78,93,196,86,150,26,19,105,123,233,143,59,60,120,42,5,14,"Pass"
"288",2194100,26,325,90,77,9,15,8,44,100,13,NA,NA,NA,6,1,48,22,67,13,9,17,19,41,122,43,12,6,7,2,NA,67,66,68,NA,13,45,NA,NA,NA,"Pass"
"289",2197016,193,27,80,33,61,90,93,25,2,50,10,47,NA,NA,72,92,28,27,44,35,22,53,41,42,17,52,70,51,33,NA,22,23,NA,NA,20,NA,NA,NA,NA,"Pass"
"290",2208424,127,62,119,72,21,56,55,69,12,68,4,NA,NA,63,8,2,19,12,NA,11,62,NA,37,8,10,NA,3,13,27,41,33,9,3,30,NA,16,NA,NA,8,"Pass"
"291",2229865,98,115,237,206,150,80,107,73,14,17,50,36,9,64,61,44,84,56,46,65,65,59,90,53,102,86,116,103,97,161,166,116,240,90,43,37,NA,NA,NA,"Pass"
"292",2255601,54,88,340,232,235,132,198,76,196,52,92,1,8,1,44,57,117,45,109,37,1,26,392,4,NA,6,NA,NA,NA,NA,NA,NA,NA,NA,NA,NA,NA,NA,NA,"Withdrawn"
"293",2268379,60,141,70,157,66,28,107,91,59,44,51,19,NA,13,NA,27,28,34,12,15,51,9,7,43,3,8,45,1,35,15,99,53,68,101,50,45,18,NA,12,"Pass"
"294",2278464,83,36,52,24,NA,NA,8,4,NA,6,2,NA,NA,NA,1,NA,NA,18,NA,6,NA,10,NA,4,8,1,NA,NA,1,13,NA,8,NA,NA,18,4,NA,NA,NA,"Pass"
"295",2293923,145,16,32,10,NA,NA,NA,NA,16,NA,NA,NA,NA,NA,NA,14,NA,NA,13,NA,NA,3,NA,NA,NA,1,NA,NA,NA,NA,26,8,NA,5,NA,14,NA,NA,NA,"Pass"
"296",2312620,156,40,12,64,10,NA,56,21,29,67,64,NA,NA,47,NA,81,53,91,46,NA,NA,NA,171,32,41,36,12,NA,NA,NA,NA,NA,NA,NA,NA,NA,NA,NA,NA,"Withdrawn"
"297",2329342,NA,95,35,112,NA,NA,6,13,7,NA,13,1,NA,NA,NA,29,14,6,11,NA,NA,NA,NA,56,46,NA,NA,7,NA,NA,59,37,15,NA,3,NA,NA,NA,NA,"Pass"
"298",2339528,2,NA,NA,30,202,NA,7,NA,129,1,NA,NA,NA,NA,NA,5,NA,69,NA,NA,NA,NA,NA,NA,NA,34,NA,NA,NA,3,5,48,1,53,NA,3,NA,1,NA,"Distinction"
"299",2342426,62,49,184,66,188,50,7,21,108,16,88,1,NA,38,10,57,5,48,64,26,94,32,59,NA,1,7,3,200,28,44,52,46,36,77,10,37,NA,NA,NA,"Fail"
"300",2344901,29,NA,10,65,32,18,NA,18,38,NA,NA,NA,NA,NA,8,9,37,NA,NA,18,10,17,32,25,73,1,NA,NA,NA,NA,5,NA,NA,NA,NA,NA,NA,NA,NA,"Fail"
"301",2358056,186,34,91,47,28,29,21,59,22,9,17,27,8,13,63,80,15,79,5,32,20,69,6,39,33,12,9,88,12,1,2,63,32,15,95,227,NA,NA,NA,"Fail"
"302",2358969,146,NA,129,33,2,2,21,1,16,NA,23,NA,NA,NA,NA,NA,NA,NA,NA,NA,NA,NA,NA,NA,NA,NA,NA,NA,NA,NA,NA,NA,NA,NA,NA,NA,NA,NA,NA,"Withdrawn"
"303",2364471,572,302,297,444,286,333,496,290,171,214,190,118,110,115,119,143,95,96,122,276,200,195,113,111,110,64,170,105,103,185,174,117,148,194,148,206,40,8,2,"Pass"
"304",2367155,59,32,142,65,32,67,11,83,80,38,3,25,NA,3,39,171,14,86,21,63,19,62,33,275,66,353,78,5,16,13,113,6,8,8,42,7,NA,6,4,"Pass"
"305",2369266,138,171,293,90,112,33,40,38,10,NA,NA,12,208,NA,73,85,99,NA,34,64,104,4,68,35,13,17,23,108,9,16,12,NA,5,59,172,1,NA,NA,NA,"Pass"
"306",2376496,56,94,56,70,55,4,32,41,NA,35,28,NA,11,8,7,NA,NA,NA,75,3,28,10,9,7,1,NA,18,NA,17,3,16,32,20,10,NA,NA,3,NA,NA,"Pass"
"307",2391984,1,1,NA,208,116,4,68,34,5,129,NA,1,NA,3,2,NA,33,59,1,NA,NA,NA,11,2,92,NA,NA,NA,NA,11,NA,34,NA,NA,NA,3,NA,NA,NA,"Withdrawn"
"308",2411661,75,94,16,102,39,NA,12,NA,67,NA,NA,NA,NA,NA,NA,NA,NA,NA,58,NA,NA,NA,NA,NA,23,34,NA,NA,NA,NA,39,15,NA,NA,NA,NA,NA,NA,NA,"Fail"
"309",2411778,356,11,133,244,118,417,84,32,46,6,4,NA,NA,NA,25,20,NA,NA,NA,NA,NA,NA,NA,NA,NA,NA,NA,NA,1,NA,NA,NA,NA,NA,NA,NA,NA,NA,NA,"Withdrawn"
"310",2412002,540,172,197,297,147,121,225,126,43,24,48,113,61,32,92,66,143,46,15,51,60,37,45,59,45,54,54,38,34,37,23,82,51,56,20,83,3,1,3,"Distinction"
"311",2412967,167,74,169,84,NA,82,112,88,78,51,27,52,NA,27,75,99,78,83,52,52,NA,91,48,104,56,40,43,29,11,131,70,152,74,72,30,50,5,1,1,"Pass"
"312",2429854,NA,6,184,135,171,23,2,NA,57,1,NA,NA,27,17,NA,6,19,7,NA,NA,NA,NA,NA,NA,NA,NA,NA,NA,NA,NA,NA,NA,NA,NA,NA,NA,NA,NA,NA,"Withdrawn"
"313",2437837,192,141,57,256,51,84,71,99,122,NA,50,46,1,14,14,65,68,60,35,47,NA,18,40,53,48,39,19,37,25,16,85,283,145,83,179,89,31,12,9,"Pass"
"314",2449878,10,14,23,36,36,NA,NA,4,81,13,NA,NA,NA,NA,28,NA,NA,62,23,NA,NA,NA,NA,2,4,131,35,NA,NA,NA,43,4,NA,8,23,41,NA,NA,1,"Pass"
"315",2456480,29,3,NA,57,6,NA,NA,1,26,NA,1,NA,NA,NA,4,NA,1,NA,22,1,NA,NA,NA,NA,32,NA,NA,NA,NA,NA,NA,NA,NA,NA,NA,NA,NA,NA,NA,"Fail"
"316",2457256,85,154,72,63,92,138,74,148,75,105,16,24,NA,NA,26,82,46,21,11,3,6,47,3,46,26,1,NA,6,NA,54,21,25,NA,48,43,49,NA,1,NA,"Pass"
"317",2458355,341,98,66,93,177,95,84,176,156,84,123,37,77,56,32,36,52,60,90,73,56,95,36,97,83,104,150,57,55,37,75,198,231,278,365,250,2,4,8,"Pass"
"318",2460080,213,195,258,146,21,88,183,143,69,12,8,14,9,27,80,80,89,60,37,13,184,9,52,63,256,141,200,290,106,35,48,42,77,13,58,100,1,3,1,"Pass"
"319",2461190,17,78,45,213,98,86,44,76,31,34,18,24,4,45,21,62,24,47,NA,NA,NA,NA,NA,NA,NA,NA,NA,NA,NA,NA,NA,NA,NA,NA,NA,NA,NA,NA,NA,"Fail"
"320",2469673,24,15,NA,45,19,NA,7,80,5,3,6,NA,NA,NA,NA,NA,152,24,4,11,NA,NA,5,3,NA,21,NA,11,3,8,8,48,NA,NA,16,5,NA,NA,NA,"Fail"
"321",2470694,166,287,189,90,65,36,216,67,51,141,77,84,23,NA,114,16,39,69,3,NA,66,16,NA,63,24,NA,5,71,28,10,64,96,NA,NA,NA,NA,NA,NA,NA,"Withdrawn"
"322",2479954,62,NA,1,29,NA,23,3,1,23,35,1,1,NA,NA,4,1,11,5,3,NA,12,9,4,NA,16,NA,23,NA,1,3,3,NA,NA,1,NA,42,4,2,NA,"Pass"
"323",2481901,303,262,227,181,48,65,58,31,44,2,NA,40,78,85,16,13,59,5,51,14,18,36,NA,NA,16,87,19,59,10,19,NA,12,2,NA,53,28,8,NA,NA,"Pass"
"324",2482700,90,156,38,260,37,17,29,150,39,47,6,25,13,111,54,79,37,91,14,3,54,6,NA,21,31,32,NA,NA,NA,34,56,20,NA,NA,12,54,NA,NA,NA,"Pass"
"325",2486127,69,50,NA,227,23,31,65,51,98,86,55,61,NA,15,41,31,61,91,41,57,8,27,2,4,41,22,15,NA,72,16,25,21,122,61,35,35,31,NA,NA,"Pass"
"326",2498700,60,17,35,102,148,24,6,58,86,25,86,44,NA,21,NA,14,13,96,55,53,32,11,119,51,202,129,47,26,103,84,53,90,327,238,145,251,12,NA,1,"Pass"
"327",2516503,127,96,74,40,89,90,65,21,46,80,40,74,93,12,71,67,38,31,88,92,152,73,115,50,81,199,112,134,89,88,48,101,156,56,54,116,53,55,4,"Pass"
"328",2518069,76,114,94,121,69,46,89,43,111,9,29,23,7,7,22,80,41,NA,NA,11,18,54,41,36,58,71,NA,29,24,28,11,NA,70,89,29,52,15,NA,NA,"Pass"
"329",2521459,13,87,31,123,7,24,3,NA,4,109,NA,NA,4,1,1,NA,1,35,4,2,NA,1,1,3,NA,6,103,36,18,41,55,170,7,NA,52,118,7,1,10,"Pass"
"330",2523736,41,32,37,18,47,15,39,19,4,27,5,NA,NA,NA,NA,1,29,11,13,8,NA,NA,NA,8,NA,22,11,10,NA,NA,5,13,7,14,16,10,6,2,NA,"Pass"
"331",2529279,154,100,71,79,226,6,NA,14,82,2,1,17,52,42,NA,NA,10,9,1,NA,70,NA,6,NA,29,16,4,70,16,NA,20,1,NA,NA,24,66,NA,NA,1,"Pass"
"332",2532302,42,72,35,33,NA,NA,52,28,NA,NA,48,8,38,NA,8,6,NA,13,1,NA,2,67,6,6,40,3,NA,40,57,71,9,78,5,10,7,425,NA,NA,6,"Pass"
"333",2536991,61,NA,78,23,5,72,30,6,33,105,13,NA,25,9,3,NA,NA,11,71,83,85,48,42,20,12,40,65,18,6,35,NA,4,11,39,21,4,2,NA,NA,"Distinction"
"334",2542724,169,59,NA,NA,NA,NA,NA,NA,NA,NA,NA,NA,NA,NA,NA,NA,NA,NA,NA,NA,NA,NA,NA,NA,NA,NA,NA,NA,NA,NA,NA,NA,NA,NA,NA,NA,NA,NA,NA,"Withdrawn"
"335",2550279,156,83,231,100,188,83,265,22,68,79,62,111,17,NA,61,43,49,83,72,50,88,64,137,38,24,68,69,49,30,50,25,95,101,51,27,70,NA,NA,NA,"Pass"
"336",2551220,116,10,50,80,15,24,14,23,32,23,14,12,11,1,30,55,18,18,11,52,14,36,34,37,23,47,14,7,38,58,41,45,20,238,NA,59,7,NA,NA,"Pass"
"337",2552472,2,26,NA,124,219,59,NA,NA,NA,7,55,NA,NA,NA,NA,NA,NA,NA,NA,NA,NA,NA,NA,9,NA,NA,NA,NA,18,NA,NA,NA,NA,NA,NA,NA,NA,NA,NA,"Withdrawn"
"338",2555340,235,302,414,271,158,148,86,89,69,143,147,6,217,97,32,66,73,39,123,76,101,166,42,89,234,69,119,NA,49,52,39,129,148,71,78,232,19,13,NA,"Pass"
"339",2557283,524,395,392,160,190,164,166,258,118,174,207,177,120,152,252,123,166,210,359,228,194,302,186,111,142,213,177,140,154,101,273,136,238,212,67,63,10,7,1,"Pass"
"340",2559575,154,50,49,37,19,25,42,21,6,8,7,13,2,15,17,NA,NA,NA,NA,5,NA,NA,56,15,NA,NA,NA,26,NA,11,33,6,NA,NA,18,14,NA,NA,1,"Pass"
"341",2562034,10,NA,1,94,NA,NA,NA,NA,NA,NA,NA,NA,NA,NA,NA,NA,NA,39,NA,NA,NA,NA,4,5,42,NA,NA,2,NA,NA,NA,18,30,NA,NA,3,NA,NA,NA,"Pass"
"342",2566163,20,71,63,99,138,8,17,37,32,1,13,36,NA,NA,51,21,12,50,60,147,12,13,30,26,102,13,14,NA,45,9,15,173,102,118,28,15,NA,NA,NA,"Pass"
"343",2566592,117,25,33,72,36,47,36,18,25,NA,23,27,NA,10,66,26,23,29,9,39,38,97,21,48,NA,41,51,69,68,42,53,36,9,29,38,58,NA,NA,NA,"Pass"
"344",2569324,4,NA,21,NA,NA,NA,NA,NA,NA,NA,NA,NA,NA,1,NA,NA,NA,NA,NA,NA,NA,NA,NA,NA,NA,NA,NA,NA,NA,NA,NA,NA,NA,NA,NA,NA,NA,NA,NA,"Withdrawn"
"345",2574528,42,1,75,120,18,1,8,31,134,3,1,6,NA,NA,51,82,16,12,1,2,NA,6,29,4,14,70,19,16,NA,107,12,44,6,9,15,33,NA,NA,NA,"Pass"
"346",2574583,136,47,75,166,125,50,62,68,4,22,41,35,70,72,92,32,20,124,6,70,91,101,37,13,5,65,61,80,49,11,18,27,NA,1,2,12,NA,NA,NA,"Pass"
"347",2576122,35,62,29,89,24,10,1,NA,NA,NA,NA,NA,NA,NA,NA,NA,NA,NA,NA,NA,NA,NA,NA,NA,NA,NA,NA,NA,NA,NA,NA,NA,NA,NA,NA,NA,NA,NA,NA,"Withdrawn"
"348",2578995,155,94,64,33,31,29,40,34,51,18,36,21,1,14,29,29,81,56,52,35,45,30,34,13,17,34,12,4,11,56,27,13,43,57,15,7,NA,1,4,"Pass"
"349",2586560,228,273,169,162,151,139,88,97,68,23,24,33,127,25,135,70,66,16,19,67,64,58,119,79,19,36,37,69,39,NA,111,10,27,NA,149,95,NA,6,7,"Pass"
"350",2594139,201,105,166,162,36,95,13,80,3,81,8,NA,NA,51,NA,5,28,NA,116,103,27,39,NA,84,NA,NA,143,2,294,14,NA,10,NA,2,NA,NA,NA,NA,NA,"Pass"
"351",2598871,260,116,43,43,73,53,38,17,20,42,34,49,NA,28,55,44,63,53,55,28,38,51,64,38,55,93,68,43,35,NA,50,250,59,66,6,11,6,NA,2,"Pass"
"352",2599352,33,5,2,96,156,48,NA,NA,87,NA,2,NA,NA,NA,15,18,37,34,63,24,9,NA,NA,45,13,124,46,NA,NA,20,32,97,NA,10,116,28,NA,NA,NA,"Pass"
"353",2600688,67,NA,23,142,NA,1,14,2,63,20,NA,NA,8,NA,NA,8,NA,58,NA,2,NA,NA,NA,NA,62,NA,3,NA,NA,NA,21,82,NA,1,NA,4,NA,NA,1,"Pass"
"354",2606098,53,6,20,38,6,7,NA,10,18,NA,NA,NA,NA,5,NA,2,32,1,8,NA,NA,5,5,NA,64,4,8,NA,4,3,NA,104,50,1,8,29,NA,NA,NA,"Pass"
"355",2613116,165,32,27,67,44,27,1,100,44,1,77,NA,26,12,37,4,61,59,22,NA,5,NA,5,125,69,1,16,52,28,4,20,39,NA,9,NA,2,NA,NA,NA,"Pass"
"356",2617002,63,95,11,NA,93,19,10,1,24,15,NA,NA,NA,16,26,26,26,71,58,24,NA,6,44,17,54,2,NA,7,552,7,3,87,9,10,8,88,NA,NA,1,"Pass"
"357",2620584,45,NA,42,5,NA,NA,NA,NA,NA,NA,NA,NA,NA,NA,NA,NA,NA,NA,NA,NA,NA,NA,NA,NA,NA,NA,NA,NA,NA,NA,NA,NA,NA,NA,NA,NA,NA,NA,NA,"Fail"
"358",2639449,44,22,48,93,1,9,6,65,55,NA,6,NA,8,NA,NA,14,4,NA,57,NA,NA,NA,10,NA,68,NA,NA,NA,NA,73,NA,130,33,41,NA,NA,10,NA,NA,"Pass"
"359",2639540,71,74,86,22,89,66,72,52,68,85,50,14,28,24,103,50,39,18,76,70,55,69,32,18,39,54,21,45,13,25,34,35,185,6,136,40,NA,NA,NA,"Pass"
"360",2639641,125,96,113,56,106,79,82,73,125,35,31,41,26,NA,18,12,69,46,17,34,19,109,9,23,62,25,13,29,NA,54,35,65,39,187,51,86,31,15,6,"Pass"
"361",2641155,411,211,298,261,212,168,181,133,199,130,150,98,20,23,59,92,53,50,74,121,82,104,83,64,54,54,118,94,52,74,81,160,5,10,36,77,8,NA,9,"Pass"
"362",2643002,308,168,79,158,85,13,74,87,61,73,6,9,NA,36,NA,21,NA,4,17,41,35,49,40,24,128,94,6,35,68,51,100,165,56,34,62,210,31,6,NA,"Pass"
"363",2645733,131,50,79,68,52,33,72,40,42,21,NA,NA,35,5,47,39,14,52,60,38,37,31,41,40,30,15,16,NA,96,34,59,87,93,27,16,51,31,6,8,"Pass"
"364",2649826,422,46,130,249,45,122,147,114,83,121,110,179,141,59,358,134,209,90,218,242,144,132,67,93,194,198,145,154,68,69,67,227,189,635,103,226,35,4,5,"Distinction"
"365",2650282,6,72,50,87,4,11,4,10,45,6,NA,3,2,2,NA,44,NA,60,13,17,3,14,13,NA,74,NA,NA,NA,2,NA,3,45,24,NA,NA,18,NA,9,NA,"Pass"
"366",2664024,10,NA,54,56,17,19,22,25,1,7,76,NA,13,18,26,16,8,14,20,9,22,40,45,23,17,25,63,13,71,10,NA,30,11,NA,NA,27,NA,NA,NA,"Pass"
"367",2666246,50,19,40,90,1,NA,2,NA,44,NA,NA,1,NA,1,NA,5,6,38,4,NA,1,NA,NA,3,63,NA,4,NA,NA,8,14,101,NA,56,NA,61,NA,NA,NA,"Pass"
"368",2669816,11,5,53,1,NA,NA,NA,40,34,NA,NA,NA,NA,NA,NA,NA,11,14,NA,NA,2,NA,3,NA,16,45,NA,NA,NA,6,12,20,NA,NA,NA,7,NA,NA,NA,"Fail"
"369",2671132,216,216,110,122,92,72,74,70,65,57,10,68,75,49,143,90,115,33,94,74,111,78,118,124,118,204,506,10,285,156,51,NA,5,58,43,3,5,NA,NA,"Pass"
"370",2676809,31,37,NA,44,NA,33,8,1,42,NA,24,27,NA,NA,13,14,7,20,NA,NA,NA,8,NA,NA,NA,NA,NA,NA,NA,NA,NA,NA,NA,NA,NA,NA,NA,NA,NA,"Fail"
"371",2678643,177,77,70,194,51,36,31,35,121,12,27,8,NA,6,42,24,25,115,219,18,24,9,58,99,72,89,225,84,81,128,52,43,10,18,NA,6,1,NA,NA,"Pass"
"372",2685865,139,88,204,92,72,86,55,60,22,40,33,38,13,2,54,86,43,33,33,85,46,74,96,80,105,47,108,109,162,140,50,62,16,95,149,185,8,4,1,"Pass"
"373",2688067,44,NA,42,NA,NA,NA,NA,NA,6,NA,NA,NA,NA,NA,NA,10,NA,NA,1,NA,NA,NA,20,NA,4,NA,NA,NA,155,NA,NA,NA,NA,NA,NA,7,NA,NA,NA,"Pass"
"374",2689958,188,122,177,220,125,122,104,126,168,106,52,30,76,86,149,136,117,67,137,151,79,67,75,58,82,46,73,77,64,54,89,112,208,78,79,189,26,8,6,"Distinction"
"375",2691206,228,115,44,65,64,33,100,75,23,51,45,52,31,87,32,26,76,66,44,35,85,36,71,78,79,74,61,68,18,44,84,11,65,62,70,99,NA,NA,NA,"Distinction"
"376",2691244,20,25,17,NA,32,NA,32,2,11,14,44,12,NA,15,10,NA,6,NA,15,28,20,8,38,9,NA,12,1,1,13,3,9,2,34,12,3,20,NA,2,2,"Pass"
"377",2694424,15,1,426,145,115,72,49,133,83,139,55,104,53,118,216,100,121,101,161,173,216,127,150,140,77,141,45,60,60,104,66,142,152,105,50,165,30,5,3,"Pass"
"378",2698257,25,58,10,124,75,33,16,60,46,18,9,NA,NA,2,35,8,NA,42,28,NA,1,NA,NA,27,25,8,17,NA,14,NA,21,25,1,9,21,NA,NA,NA,NA,"Pass"
