"","id_student","code_presentation","dataplus","forumng","glossary","homepage","oucollaborate","oucontent","resource","subpage","url","final_result"
"1",100893,"2013J",4,255,0,161,1,228,6,67,22,"Pass"
"2",101116,"2014J",5,705,2,382,0,495,47,103,30,"Pass"
"3",101781,"2013J",17,642,0,695,0,2298,20,269,163,"Pass"
"4",102806,"2013J",3,414,0,563,0,864,16,83,1,"Pass"
"5",102952,"2013J",5,217,0,172,0,607,22,102,25,"Pass"
"6",1035023,"2013J",20,131,0,404,0,1268,20,51,2,"Pass"
"7",104476,"2013J",10,353,0,813,5,3122,49,286,139,"Pass"
"8",1045203,"2014J",2,830,5,1071,4,1236,38,252,95,"Pass"
"9",106247,"2013J",0,59,0,117,1,230,16,39,3,"Withdrawn"
"10",106577,"2013J",0,91,0,183,0,389,15,55,0,"Pass"
"11",107489,"2014J",14,1185,0,883,2,1235,19,256,128,"Pass"
"12",108872,"2014J",0,333,0,313,0,626,25,73,7,"Pass"
"13",109155,"2014J",7,1084,0,506,0,1254,15,97,56,"Pass"
"14",110175,"2013J",0,30,0,212,0,499,52,152,53,"Pass"
"15",1105478,"2013J",0,286,0,409,6,758,23,183,30,"Pass"
"16",1112555,"2014J",3,629,0,428,3,1201,35,100,5,"Pass"
"17",111512,"2014J",1,76,1,119,1,164,29,46,2,"Fail"
"18",111717,"2013J",14,259,1,489,2,1341,18,160,59,"Pass"
"19",113295,"2013J",16,802,0,979,4,1383,32,221,116,"Pass"
"20",11391,"2013J",0,193,0,138,0,553,13,32,5,"Pass"
"21",114017,"2013J",0,5,0,174,0,344,37,157,40,"Pass"
"22",114999,"2013J",10,129,0,241,2,852,27,65,32,"Pass"
"23",116541,"2013J",3,72,0,420,0,1149,4,131,107,"Pass"
"24",116692,"2013J",0,18,0,315,0,606,8,112,49,"Pass"
"25",117818,"2014J",2,22,4,318,0,1066,68,148,67,"Pass"
"26",1183831,"2014J",23,331,1,272,2,1717,59,284,129,"Withdrawn"
"27",118983,"2013J",0,9,0,62,0,151,14,43,5,"Pass"
"28",119902,"2014J",7,524,2,558,3,1208,15,179,94,"Withdrawn"
"29",121349,"2014J",13,41,0,261,0,1744,26,114,60,"Pass"
"30",123044,"2013J",3,390,0,486,2,857,9,199,95,"Pass"
"31",124064,"2014J",0,430,0,573,3,732,32,193,79,"Distinction"
"32",125018,"2014J",8,704,0,375,2,978,8,87,33,"Pass"
"33",1268696,"2014J",0,171,2,101,0,23,4,24,1,"Pass"
"34",127582,"2013J",0,198,0,324,0,666,18,90,25,"Pass"
"35",129955,"2013J",6,30,0,301,1,606,4,43,20,"Withdrawn"
"36",129955,"2014J",21,3,0,161,0,680,1,11,0,"Withdrawn"
"37",130034,"2014J",3,199,0,536,0,702,44,220,127,"Pass"
"38",130547,"2014J",14,110,1,162,0,832,15,88,30,"Pass"
"39",130636,"2014J",0,30,0,49,0,189,15,43,6,"Pass"
"40",131390,"2014J",0,34,0,36,0,73,7,7,0,"Pass"
"41",132976,"2013J",6,51,0,95,1,308,7,50,2,"Pass"
"42",1336190,"2014J",10,32,0,235,0,576,11,110,47,"Pass"
"43",133816,"2014J",3,1570,0,780,1,1381,9,162,94,"Pass"
"44",133922,"2014J",0,56,0,144,0,290,11,55,18,"Pass"
"45",134143,"2013J",24,18,0,504,4,2078,28,72,4,"Distinction"
"46",1352868,"2013J",0,75,0,114,0,398,1,49,4,"Withdrawn"
"47",1352868,"2014J",3,229,0,208,0,588,11,50,2,"Pass"
"48",135335,"2013J",0,0,0,21,0,33,0,3,0,"Withdrawn"
"49",135335,"2014J",0,0,0,8,0,7,0,1,0,"Withdrawn"
"50",135400,"2013J",0,21,0,61,0,149,3,41,12,"Withdrawn"
"51",135400,"2014J",0,4,0,45,0,227,2,29,16,"Pass"
"52",135471,"2014J",9,122,1,435,0,1525,26,112,61,"Distinction"
"53",137873,"2013J",6,2676,0,1042,0,1516,27,197,64,"Pass"
"54",139033,"2014J",0,105,0,203,2,413,8,53,6,"Fail"
"55",1398979,"2014J",19,3228,3,869,0,778,90,69,15,"Withdrawn"
"56",1401935,"2013J",0,108,0,49,0,65,3,15,0,"Fail"
"57",1402638,"2013J",0,147,4,221,0,478,14,40,6,"Pass"
"58",141355,"2013J",7,894,0,263,0,521,19,89,30,"Pass"
"59",141377,"2013J",1,25,2,33,0,51,4,27,0,"Withdrawn"
"60",141377,"2014J",0,160,0,111,0,272,13,54,3,"Pass"
"61",1414443,"2013J",9,264,7,406,1,997,26,109,88,"Fail"
"62",141506,"2014J",0,153,12,97,0,99,8,39,7,"Fail"
"63",142326,"2013J",18,379,0,502,0,934,14,170,104,"Pass"
"64",144801,"2013J",2,2092,1,1057,2,2005,53,296,137,"Pass"
"65",145130,"2013J",0,49,0,94,0,270,10,29,0,"Pass"
"66",1456619,"2013J",0,199,0,86,3,129,11,34,5,"Withdrawn"
"67",1456619,"2014J",0,66,4,102,0,463,14,47,10,"Withdrawn"
"68",146188,"2013J",0,72,0,142,2,314,13,49,5,"Fail"
"69",146503,"2014J",0,43,1,108,0,128,13,70,5,"Pass"
"70",1465690,"2013J",28,1184,1,832,1,1174,33,123,84,"Pass"
"71",1471214,"2014J",5,203,0,89,0,777,6,57,24,"Pass"
"72",1472925,"2013J",2,224,3,243,0,380,8,59,20,"Fail"
"73",1472925,"2014J",0,86,0,102,0,243,10,60,22,"Pass"
"74",147756,"2013J",0,86,0,187,0,284,10,39,5,"Fail"
"75",147756,"2014J",1,123,48,188,0,662,24,61,0,"Pass"
"76",147793,"2013J",0,56,0,35,0,45,1,18,0,"Withdrawn"
"77",1484804,"2014J",0,25,0,540,0,721,21,128,19,"Pass"
"78",1488959,"2013J",7,835,0,568,2,1869,14,134,64,"Pass"
"79",148993,"2013J",3,878,1,402,0,506,8,53,13,"Withdrawn"
"80",148993,"2014J",0,1133,0,475,0,269,17,42,12,"Pass"
"81",149741,"2014J",14,564,6,398,5,1132,27,128,68,"Pass"
"82",149962,"2014J",0,54,0,21,0,54,1,10,1,"Pass"
"83",1511033,"2014J",3,0,0,167,0,310,10,117,72,"Pass"
"84",151358,"2013J",0,3,0,34,0,183,6,39,5,"Pass"
"85",151587,"2014J",0,12,0,64,1,71,4,14,0,"Withdrawn"
"86",1518989,"2013J",12,2340,0,607,1,1020,13,125,84,"Pass"
"87",152668,"2014J",0,97,0,164,0,396,7,63,38,"Withdrawn"
"88",155550,"2013J",0,107,0,335,0,824,32,161,70,"Pass"
"89",155854,"2013J",40,834,0,1009,2,2007,30,76,5,"Pass"
"90",155984,"2013J",1,210,0,179,2,374,19,85,38,"Withdrawn"
"91",155984,"2014J",9,230,0,428,0,862,8,121,79,"Pass"
"92",157568,"2013J",8,30,0,287,1,880,8,115,76,"Pass"
"93",1576513,"2014J",34,7879,0,4338,1,2533,213,402,316,"Distinction"
"94",158707,"2014J",3,2183,3,990,0,1258,16,198,95,"Withdrawn"
"95",159954,"2013J",0,161,1,256,2,646,4,75,40,"Withdrawn"
"96",159954,"2014J",0,74,1,196,0,506,32,60,8,"Withdrawn"
"97",1609002,"2014J",3,59,0,303,3,546,23,59,29,"Pass"
"98",1618738,"2013J",0,118,1,92,0,440,17,54,1,"Pass"
"99",1620151,"2013J",2,131,8,203,12,571,11,57,3,"Fail"
"100",1626710,"2013J",23,2774,2,1078,0,1615,91,283,159,"Distinction"
"101",1629771,"2014J",1,94,1,143,0,215,10,43,15,"Distinction"
"102",1640609,"2013J",8,2630,3,1093,0,1109,12,135,71,"Pass"
"103",164259,"2013J",0,53,0,120,0,154,24,84,31,"Pass"
"104",164944,"2014J",0,690,1,277,0,204,13,86,29,"Pass"
"105",165226,"2014J",0,142,0,199,2,607,11,75,26,"Fail"
"106",1676594,"2014J",0,15,0,32,0,105,10,15,0,"Withdrawn"
"107",167906,"2013J",1,282,0,426,0,583,9,125,84,"Pass"
"108",167961,"2014J",3,243,5,432,9,1194,15,127,101,"Pass"
"109",1686521,"2013J",0,83,0,178,0,246,13,83,40,"Withdrawn"
"110",1686551,"2014J",0,113,0,169,3,260,17,58,27,"Withdrawn"
"111",168936,"2013J",6,274,0,134,0,267,9,38,17,"Pass"
"112",1689639,"2014J",0,842,9,391,0,478,8,103,51,"Withdrawn"
"113",1715896,"2014J",11,2987,2,1271,5,870,29,103,36,"Pass"
"114",172112,"2013J",0,253,1,317,0,1012,23,200,133,"Pass"
"115",1721270,"2014J",0,66,0,87,0,506,33,29,9,"Pass"
"116",172797,"2013J",6,287,1,451,0,841,29,142,25,"Pass"
"117",1729319,"2013J",4,728,0,611,0,1054,55,190,114,"Pass"
"118",174024,"2014J",3,2,0,110,0,647,8,35,7,"Pass"
"119",174094,"2014J",1,85,0,971,1,3352,28,210,193,"Pass"
"120",1746134,"2013J",0,258,7,220,0,1005,48,191,30,"Pass"
"121",174745,"2014J",0,238,1,199,0,1077,11,80,4,"Pass"
"122",174782,"2013J",5,2988,0,1304,3,1536,19,282,181,"Pass"
"123",175392,"2013J",6,2097,0,901,0,1051,72,195,125,"Pass"
"124",175447,"2014J",1,1411,1,616,0,1590,16,105,39,"Pass"
"125",175772,"2014J",0,1461,1,602,0,833,12,87,22,"Withdrawn"
"126",1757766,"2014J",7,200,0,524,0,2234,29,192,115,"Pass"
"127",1758449,"2013J",1,1292,0,422,1,870,32,92,46,"Withdrawn"
"128",175932,"2013J",13,258,0,358,0,1189,8,162,28,"Pass"
"129",175991,"2013J",0,13,0,36,0,65,0,23,1,"Fail"
"130",1763015,"2013J",1,81,0,74,0,210,4,41,9,"Withdrawn"
"131",1765788,"2013J",2,1853,1,1220,0,3745,79,131,26,"Pass"
"132",1773377,"2014J",0,22,0,154,0,407,13,66,49,"Pass"
"133",1799111,"2014J",0,214,0,294,0,573,5,76,12,"Pass"
"134",1801229,"2013J",6,355,0,231,0,744,12,61,34,"Pass"
"135",1801641,"2013J",0,22,0,86,0,291,11,44,5,"Pass"
"136",180753,"2013J",9,767,0,355,0,679,12,136,54,"Pass"
"137",181316,"2013J",1,151,1,53,0,243,6,27,5,"Withdrawn"
"138",1818673,"2014J",0,51,0,77,0,162,5,36,5,"Fail"
"139",183057,"2014J",1,195,1,284,0,249,24,69,10,"Pass"
"140",183096,"2013J",3,271,0,393,0,1027,17,171,93,"Pass"
"141",1839386,"2014J",0,60,0,46,0,85,1,13,2,"Withdrawn"
"142",183947,"2013J",0,291,1,176,0,396,37,57,6,"Pass"
"143",184271,"2013J",18,129,1,296,1,802,13,45,7,"Pass"
"144",1847830,"2013J",0,3591,0,1475,1,1155,26,210,60,"Pass"
"145",185350,"2014J",0,27,0,51,0,121,4,33,0,"Fail"
"146",185439,"2013J",0,39,1,75,4,250,16,41,1,"Fail"
"147",1860318,"2013J",11,3333,0,1403,3,1099,17,105,4,"Pass"
"148",186149,"2013J",4,516,2,466,11,897,37,122,81,"Pass"
"149",187100,"2013J",5,3274,0,2143,0,2021,25,711,383,"Distinction"
"150",188278,"2013J",0,330,0,360,3,538,5,136,62,"Withdrawn"
"151",188278,"2014J",7,607,0,768,2,1262,11,247,159,"Pass"
"152",1889511,"2013J",5,662,0,383,0,591,25,79,9,"Pass"
"153",1889577,"2013J",0,69,0,226,1,492,9,89,45,"Pass"
"154",1894188,"2013J",11,154,4,426,0,3562,15,104,18,"Pass"
"155",189879,"2013J",10,410,0,386,1,527,8,123,76,"Pass"
"156",192183,"2013J",18,299,0,698,0,1826,8,214,156,"Pass"
"157",1926668,"2014J",25,58,0,262,0,1469,46,152,82,"Pass"
"158",1938355,"2013J",8,542,0,481,0,830,10,87,34,"Pass"
"159",1942396,"2013J",0,77,0,142,0,192,6,43,10,"Pass"
"160",1947156,"2014J",8,627,0,452,10,780,10,108,79,"Pass"
"161",195262,"2013J",10,337,0,304,1,1116,14,85,38,"Withdrawn"
"162",1967783,"2014J",10,633,0,327,0,1098,21,71,11,"Pass"
"163",1970390,"2013J",13,4908,5,3638,1,1744,63,471,296,"Withdrawn"
"164",1970390,"2014J",3,1644,0,869,0,998,30,62,14,"Pass"
"165",1975209,"2014J",0,238,16,657,0,1530,43,193,77,"Pass"
"166",1976139,"2013J",9,13,0,245,0,834,16,88,11,"Pass"
"167",199636,"2014J",2,123,0,350,0,1159,38,111,53,"Pass"
"168",199897,"2014J",1,166,0,442,2,1262,33,153,76,"Pass"
"169",200804,"2014J",0,163,0,103,2,601,14,40,7,"Pass"
"170",200860,"2013J",0,158,0,199,0,91,16,68,2,"Pass"
"171",2010232,"2014J",9,1764,12,1055,4,1083,49,141,10,"Pass"
"172",2011876,"2013J",16,91,1,312,1,719,12,169,80,"Pass"
"173",2012966,"2013J",0,88,0,133,0,231,15,47,5,"Pass"
"174",202635,"2013J",0,547,0,296,8,504,8,44,11,"Withdrawn"
"175",2045084,"2014J",0,31,0,71,0,135,51,31,7,"Fail"
"176",2051699,"2013J",2,174,0,416,1,871,55,195,20,"Pass"
"177",205350,"2013J",12,559,0,337,4,577,59,84,33,"Pass"
"178",205494,"2014J",0,64,0,156,0,804,6,53,31,"Pass"
"179",205719,"2013J",0,13,0,81,0,193,5,30,11,"Fail"
"180",2057803,"2014J",0,2328,0,656,0,344,14,52,24,"Pass"
"181",2062879,"2013J",17,664,0,443,0,1032,14,139,77,"Fail"
"182",2065691,"2013J",0,6,1,447,0,744,2,153,77,"Withdrawn"
"183",2073016,"2013J",0,120,0,181,3,369,16,99,61,"Withdrawn"
"184",2073016,"2014J",0,26,0,36,0,82,4,20,5,"Fail"
"185",2080474,"2013J",11,342,0,215,0,466,9,74,29,"Pass"
"186",2083877,"2013J",0,37,0,210,0,300,9,90,39,"Pass"
"187",2084066,"2013J",0,479,0,299,2,1036,22,101,28,"Fail"
"188",2085209,"2014J",15,2490,0,1639,3,2752,56,274,198,"Pass"
"189",2086400,"2014J",8,806,0,922,0,1363,28,214,160,"Pass"
"190",2104505,"2013J",0,79,0,140,0,393,9,55,25,"Pass"
"191",2122180,"2013J",15,1362,5,859,6,2231,35,150,49,"Distinction"
"192",2139353,"2013J",7,65,0,150,0,640,17,249,134,"Withdrawn"
"193",2139353,"2014J",5,36,0,103,0,803,11,89,79,"Pass"
"194",2143752,"2013J",0,44,0,386,1,1103,26,204,124,"Pass"
"195",2146792,"2013J",31,298,0,461,0,1448,18,119,10,"Pass"
"196",2148681,"2014J",9,721,0,385,1,1023,56,95,56,"Pass"
"197",2149225,"2013J",0,123,1,42,0,106,20,25,2,"Withdrawn"
"198",2153153,"2013J",9,1001,0,559,2,1671,12,106,25,"Pass"
"199",2155014,"2013J",0,371,1,170,4,810,6,58,34,"Pass"
"200",2158048,"2014J",6,145,0,146,0,476,16,44,18,"Withdrawn"
"201",2158196,"2014J",2,203,4,107,0,142,17,42,27,"Withdrawn"
"202",2164705,"2013J",0,53,0,26,0,119,2,27,4,"Fail"
"203",2165164,"2014J",5,356,0,357,7,765,10,82,39,"Pass"
"204",2168833,"2014J",0,0,0,4,0,14,0,2,0,"Withdrawn"
"205",2171627,"2013J",13,412,0,218,2,630,16,50,5,"Pass"
"206",2182846,"2013J",11,2202,0,586,0,1229,23,121,42,"Pass"
"207",2194100,"2013J",0,354,0,308,0,505,13,177,44,"Pass"
"208",2197016,"2013J",3,290,0,264,0,746,8,93,51,"Pass"
"209",2207874,"2014J",0,109,0,48,0,68,5,31,4,"Fail"
"210",2208424,"2013J",1,283,1,254,1,398,22,86,34,"Pass"
"211",2229865,"2013J",41,1019,0,655,1,920,50,330,220,"Pass"
"212",2240349,"2014J",2,603,1,656,2,1384,44,310,107,"Pass"
"213",2244332,"2014J",39,6600,0,4392,2,2590,17,153,86,"Distinction"
"214",2255601,"2013J",5,577,2,389,1,1449,16,84,20,"Withdrawn"
"215",2268379,"2013J",20,563,0,335,1,581,25,117,43,"Pass"
"216",2273119,"2014J",0,9,0,11,0,47,5,30,3,"Withdrawn"
"217",227499,"2013J",10,1299,0,668,0,752,21,103,100,"Distinction"
"218",227517,"2013J",0,269,0,205,1,577,7,126,20,"Fail"
"219",2277857,"2014J",6,481,4,436,2,1574,15,95,59,"Pass"
"220",2278464,"2013J",0,14,0,83,0,174,9,24,3,"Pass"
"221",228021,"2014J",24,860,0,1065,2,1829,39,171,38,"Distinction"
"222",228082,"2013J",1,27,0,57,0,69,13,59,1,"Pass"
"223",228222,"2013J",0,86,0,133,0,152,8,42,24,"Pass"
"224",228383,"2014J",8,44,0,419,1,1642,20,176,76,"Pass"
"225",229179,"2013J",0,75,0,145,0,315,7,53,19,"Pass"
"226",229361,"2013J",10,40,0,372,0,622,2,112,57,"Pass"
"227",2293923,"2013J",1,15,0,60,0,186,10,28,3,"Pass"
"228",2297896,"2014J",0,31,0,115,0,328,13,61,18,"Pass"
"229",2312620,"2013J",1,204,2,169,1,623,30,70,29,"Withdrawn"
"230",2313257,"2014J",0,8,0,5,0,13,0,2,0,"Withdrawn"
"231",231554,"2013J",2,436,0,300,0,1020,6,71,4,"Pass"
"232",2318055,"2014J",0,471,0,212,1,946,13,76,7,"Pass"
"233",232307,"2014J",7,103,1,129,0,381,19,57,5,"Pass"
"234",2329342,"2013J",0,43,0,133,1,241,9,92,46,"Pass"
"235",2330254,"2014J",0,1144,0,779,0,837,8,71,28,"Pass"
"236",2339528,"2013J",0,121,0,86,0,271,11,78,26,"Distinction"
"237",2342426,"2013J",22,221,0,511,0,823,16,128,93,"Fail"
"238",2344901,"2013J",0,1,0,86,0,261,4,77,16,"Fail"
"239",235068,"2014J",9,260,0,757,1,1438,9,196,141,"Pass"
"240",235507,"2013J",0,6,0,34,0,129,4,14,3,"Withdrawn"
"241",235507,"2014J",11,181,1,282,1,470,33,78,10,"Pass"
"242",2355470,"2014J",0,6,0,62,0,122,4,21,1,"Pass"
"243",2358056,"2013J",8,140,1,329,0,811,79,196,24,"Fail"
"244",2358969,"2013J",1,28,0,95,1,198,10,37,3,"Withdrawn"
"245",2358969,"2014J",3,384,3,487,0,749,19,78,10,"Pass"
"246",236284,"2013J",0,58,0,94,0,498,9,59,14,"Pass"
"247",2363863,"2014J",10,918,0,1241,2,1866,64,256,124,"Distinction"
"248",2364471,"2013J",8,3656,1,1373,2,1640,56,338,108,"Pass"
"249",2367155,"2013J",6,54,0,429,0,1361,28,164,106,"Pass"
"250",236875,"2014J",0,6,0,42,0,119,2,32,0,"Pass"
"251",2369266,"2013J",0,860,0,248,0,791,5,164,78,"Pass"
"252",2369415,"2014J",0,16,0,173,0,458,14,67,1,"Pass"
"253",237274,"2014J",13,500,0,401,4,965,34,101,7,"Pass"
"254",2375975,"2014J",19,1918,4,782,0,1376,69,126,4,"Pass"
"255",2376496,"2013J",10,144,1,206,1,291,39,43,14,"Pass"
"256",238007,"2013J",8,343,3,391,0,965,19,126,80,"Pass"
"257",2391984,"2013J",0,286,0,124,0,339,4,48,17,"Withdrawn"
"258",2397661,"2014J",15,445,0,257,0,809,48,62,21,"Pass"
"259",2398313,"2014J",8,834,2,789,0,1503,18,52,13,"Pass"
"260",2404408,"2014J",0,343,0,130,0,269,7,44,9,"Fail"
"261",240712,"2013J",0,18,0,64,0,213,2,22,2,"Pass"
"262",240884,"2013J",0,40,0,87,0,197,5,83,15,"Pass"
"263",2411661,"2013J",4,153,0,96,3,248,6,47,17,"Fail"
"264",2411778,"2013J",0,162,0,146,0,1142,6,40,1,"Withdrawn"
"265",2412002,"2013J",46,544,13,729,3,1755,30,176,48,"Distinction"
"266",2412967,"2013J",14,220,0,457,0,1299,9,283,176,"Pass"
"267",241649,"2013J",13,198,0,358,0,1166,8,109,40,"Pass"
"268",241729,"2013J",5,195,0,484,0,945,21,124,55,"Fail"
"269",2425993,"2014J",0,11,0,95,0,587,15,27,2,"Pass"
"270",242793,"2013J",0,44,0,119,0,388,25,67,15,"Pass"
"271",2429854,"2013J",0,77,0,118,0,361,5,77,17,"Withdrawn"
"272",2429854,"2014J",0,39,0,62,0,168,0,29,0,"Fail"
"273",2432796,"2014J",2,116,0,179,0,561,11,68,26,"Pass"
"274",2434159,"2014J",0,16,0,58,0,83,5,9,1,"Pass"
"275",243510,"2014J",0,137,0,140,0,212,6,41,13,"Fail"
"276",2436812,"2014J",0,92,0,130,0,251,28,60,16,"Fail"
"277",2437837,"2013J",28,599,0,457,0,1317,13,194,76,"Pass"
"278",244246,"2014J",0,114,0,304,3,779,14,95,56,"Pass"
"279",2449878,"2013J",0,131,1,122,0,239,74,50,5,"Pass"
"280",2456480,"2013J",0,5,0,53,0,80,3,37,5,"Fail"
"281",2457256,"2013J",0,117,0,269,0,1077,17,91,40,"Pass"
"282",2458355,"2013J",5,299,0,1223,0,1690,13,551,406,"Pass"
"283",2460080,"2013J",29,467,0,539,1,2302,14,67,5,"Pass"
"284",2461190,"2013J",0,174,0,152,1,507,11,79,43,"Fail"
"285",2467267,"2014J",0,3,0,29,0,31,7,19,1,"Pass"
"286",246834,"2013J",5,163,1,208,0,595,15,148,39,"Pass"
"287",2469673,"2013J",0,136,0,118,1,173,8,78,9,"Fail"
"288",2470694,"2013J",1,987,4,543,0,497,48,90,6,"Withdrawn"
"289",2470694,"2014J",0,479,2,230,0,136,52,38,2,"Fail"
"290",24734,"2014J",0,158,0,138,1,161,5,27,9,"Pass"
"291",2473538,"2014J",11,398,17,263,5,617,61,87,14,"Pass"
"292",2474849,"2014J",0,7,1,25,0,93,3,13,0,"Withdrawn"
"293",2479954,"2013J",0,23,0,73,0,190,5,29,3,"Pass"
"294",2481901,"2013J",2,829,0,463,0,608,5,41,1,"Pass"
"295",248270,"2013J",5,449,0,836,3,556,10,85,25,"Pass"
"296",2482700,"2013J",5,523,0,311,2,724,10,40,1,"Pass"
"297",248581,"2014J",3,272,0,570,1,1913,36,78,10,"Distinction"
"298",2486127,"2013J",0,577,0,548,0,461,17,86,1,"Pass"
"299",2494700,"2014J",9,856,0,760,4,1519,15,193,171,"Pass"
"300",2498700,"2013J",14,507,0,505,0,1506,53,228,51,"Pass"
"301",2500258,"2014J",20,606,0,365,0,1348,26,36,2,"Pass"
"302",2507842,"2014J",0,208,0,206,1,660,5,97,27,"Withdrawn"
"303",2509639,"2014J",1,79,0,164,2,826,32,93,30,"Pass"
"304",2514368,"2014J",2,11,3,67,0,229,7,47,11,"Distinction"
"305",2514898,"2014J",32,309,3,302,2,896,119,118,47,"Pass"
"306",2516503,"2013J",7,1022,0,906,0,941,13,110,71,"Pass"
"307",2518069,"2013J",5,607,0,300,0,632,12,53,8,"Pass"
"308",252073,"2014J",3,31,0,170,0,455,25,139,42,"Pass"
"309",2521459,"2013J",4,457,0,236,0,248,12,83,38,"Pass"
"310",2521865,"2014J",4,1984,0,678,2,1069,29,121,58,"Pass"
"311",2522927,"2014J",15,1410,0,1056,0,1593,23,241,139,"Pass"
"312",2523736,"2013J",0,52,0,174,1,210,9,24,0,"Pass"
"313",2529279,"2013J",0,273,0,288,0,469,15,86,58,"Pass"
"314",2532302,"2013J",0,147,0,219,0,723,21,86,20,"Pass"
"315",2536991,"2013J",2,273,0,264,0,363,9,105,64,"Distinction"
"316",2540168,"2014J",0,110,0,171,0,513,10,88,27,"Withdrawn"
"317",2542724,"2013J",0,74,0,50,1,72,7,21,3,"Withdrawn"
"318",254625,"2014J",7,249,0,338,0,1170,12,122,89,"Distinction"
"319",2546445,"2014J",3,625,0,445,3,1008,40,147,101,"Withdrawn"
"320",2550279,"2013J",36,394,0,654,0,1149,45,290,241,"Pass"
"321",2551220,"2013J",4,89,0,249,1,853,9,83,39,"Pass"
"322",2551797,"2014J",6,401,0,107,0,94,43,41,2,"Pass"
"323",2551932,"2014J",0,128,0,105,0,268,12,19,7,"Withdrawn"
"324",2552472,"2013J",0,115,0,82,0,270,6,38,8,"Withdrawn"
"325",2555340,"2013J",8,1791,0,756,9,1648,7,146,76,"Pass"
"326",255548,"2013J",1,564,2,603,0,1033,7,234,136,"Pass"
"327",2557283,"2013J",13,3163,3,1731,0,2158,39,137,18,"Pass"
"328",2559575,"2013J",1,74,0,131,0,377,20,45,2,"Pass"
"329",2562034,"2013J",0,0,0,47,0,138,10,47,6,"Pass"
"330",2566163,"2013J",12,332,1,349,0,677,13,153,54,"Pass"
"331",2566592,"2013J",1,161,1,195,0,917,12,53,19,"Pass"
"332",256815,"2013J",9,106,0,475,0,694,45,138,14,"Pass"
"333",2569324,"2013J",0,0,0,8,0,18,0,0,0,"Withdrawn"
"334",2569324,"2014J",0,35,0,106,0,274,14,38,0,"Pass"
"335",2574528,"2013J",0,181,0,193,0,466,11,98,39,"Pass"
"336",2574583,"2013J",7,81,0,347,1,1369,10,65,10,"Pass"
"337",2574990,"2014J",7,358,9,437,9,572,12,263,188,"Fail"
"338",2576122,"2013J",1,21,0,70,0,133,2,16,7,"Withdrawn"
"339",2576122,"2014J",0,0,0,8,0,2,0,1,0,"Fail"
"340",2578676,"2014J",3,192,0,378,0,502,14,103,68,"Pass"
"341",2578995,"2013J",10,169,0,364,0,625,14,100,44,"Pass"
"342",2581477,"2014J",32,3245,10,1181,1,1162,97,171,57,"Pass"
"343",258392,"2013J",0,68,2,135,1,425,53,112,48,"Pass"
"344",2584873,"2014J",0,355,0,361,1,553,31,104,38,"Pass"
"345",258587,"2014J",21,542,0,1315,0,3976,32,443,280,"Distinction"
"346",2586560,"2013J",8,1015,1,539,1,1094,17,139,91,"Pass"
"347",258894,"2013J",3,1528,0,1220,0,1818,232,162,0,"Pass"
"348",2594139,"2013J",5,252,0,324,3,1123,10,103,48,"Pass"
"349",2595841,"2014J",0,209,0,210,1,502,9,30,8,"Fail"
"350",2596621,"2014J",31,4765,1,836,2,1781,33,165,35,"Pass"
"351",2598871,"2013J",12,257,0,498,1,1195,10,65,11,"Pass"
"352",2599352,"2013J",5,144,0,249,0,579,13,109,61,"Pass"
"353",2600688,"2013J",0,75,0,115,0,321,7,51,13,"Pass"
"354",2601889,"2014J",8,896,0,371,1,1032,16,97,52,"Pass"
"355",2602338,"2014J",4,119,0,157,0,424,4,73,35,"Fail"
"356",260355,"2013J",0,50,0,139,0,217,3,14,3,"Withdrawn"
"357",2606098,"2013J",0,62,0,88,0,255,25,61,0,"Pass"
"358",260623,"2014J",0,257,0,295,0,504,4,75,43,"Pass"
"359",2606802,"2014J",0,7,0,70,2,167,5,42,13,"Fail"
"360",2613116,"2013J",0,61,0,166,0,832,7,83,32,"Pass"
"361",2617002,"2013J",3,96,0,201,1,1020,21,89,42,"Pass"
"362",26192,"2014J",9,119,0,525,0,1150,8,250,162,"Distinction"
"363",262011,"2013J",0,240,2,199,1,472,9,113,30,"Pass"
"364",2620584,"2013J",0,4,0,29,0,44,6,9,0,"Fail"
"365",2624961,"2014J",0,70,0,77,1,153,2,55,7,"Fail"
"366",262934,"2013J",0,555,0,596,0,870,21,250,115,"Pass"
"367",2630087,"2014J",0,11,0,25,0,39,4,10,1,"Withdrawn"
"368",263251,"2014J",6,983,1,344,0,991,31,87,42,"Pass"
"369",2633226,"2014J",0,57,0,167,0,683,87,39,11,"Pass"
"370",263543,"2014J",2,113,0,372,0,785,19,166,137,"Pass"
"371",2639449,"2013J",0,346,1,169,0,220,8,47,6,"Pass"
"372",263952,"2014J",0,307,1,327,1,705,24,58,21,"Distinction"
"373",2639540,"2013J",3,737,0,427,2,487,130,115,63,"Pass"
"374",2639641,"2013J",5,428,0,489,0,902,13,144,61,"Pass"
"375",2641155,"2013J",10,908,0,1140,1,1444,24,327,255,"Pass"
"376",2642616,"2014J",13,387,4,498,0,617,59,202,23,"Pass"
"377",2642935,"2014J",21,1807,0,797,3,1320,18,245,174,"Distinction"
"378",2643002,"2013J",9,866,4,644,2,730,78,93,8,"Pass"
"379",2645733,"2013J",0,260,3,408,0,782,44,87,12,"Pass"
"380",2648611,"2014J",4,102,1,418,1,912,23,44,8,"Pass"
"381",2649800,"2014J",0,14,0,224,0,908,14,57,32,"Pass"
"382",2649826,"2013J",15,2144,1,1260,0,2152,89,192,121,"Distinction"
"383",2650282,"2013J",22,25,0,130,0,308,21,94,41,"Pass"
"384",2654628,"2014J",0,43,0,177,0,1065,11,67,5,"Pass"
"385",2664024,"2013J",9,70,0,179,0,461,9,58,22,"Pass"
"386",266524,"2014J",0,75,0,104,0,114,28,38,0,"Pass"
"387",2666246,"2013J",10,27,0,112,0,316,32,105,10,"Pass"
"388",2669816,"2013J",0,27,0,75,0,100,5,62,11,"Fail"
"389",2671132,"2013J",12,110,1,523,0,2571,20,324,159,"Pass"
"390",2676809,"2013J",0,87,0,74,0,61,14,64,9,"Fail"
"391",2677624,"2014J",0,198,1,148,0,633,14,130,34,"Pass"
"392",2678643,"2013J",2,354,5,390,1,1191,44,192,108,"Pass"
"393",2680312,"2014J",8,1177,0,876,0,2502,22,256,125,"Pass"
"394",268073,"2013J",8,1287,0,585,0,1083,14,143,90,"Fail"
"395",2685865,"2013J",17,508,0,799,0,1400,15,67,9,"Pass"
"396",268733,"2013J",0,7,0,38,0,123,0,18,2,"Withdrawn"
"397",268733,"2014J",0,0,0,3,0,0,0,0,0,"Fail"
"398",2688067,"2013J",0,2,4,42,0,203,14,24,0,"Pass"
"399",2688166,"2014J",0,85,0,162,0,341,8,60,24,"Pass"
"400",2689958,"2013J",9,1807,1,777,0,818,43,301,173,"Distinction"
"401",2690062,"2014J",0,18,0,52,0,139,4,40,4,"Withdrawn"
"402",2691206,"2013J",7,190,75,536,1,1219,60,170,39,"Distinction"
"403",2691244,"2013J",0,59,2,171,0,152,35,51,2,"Pass"
"404",2692514,"2014J",3,4226,0,1887,0,410,32,103,0,"Pass"
"405",2694424,"2013J",0,2495,0,1071,0,350,58,176,68,"Pass"
"406",2694788,"2014J",0,4,0,42,0,29,4,21,0,"Fail"
"407",2698257,"2013J",0,201,0,165,0,331,12,44,5,"Pass"
"408",271251,"2013J",7,118,0,674,0,1897,35,344,273,"Pass"
"409",273346,"2014J",17,242,0,615,0,936,20,151,99,"Pass"
"410",274947,"2014J",0,57,0,70,0,88,5,31,0,"Withdrawn"
"411",275674,"2014J",6,271,1,493,0,1032,11,161,115,"Withdrawn"
"412",275792,"2014J",0,50,0,155,2,312,19,63,4,"Pass"
"413",277123,"2014J",0,34,0,120,0,282,5,64,32,"Fail"
"414",277880,"2013J",0,445,8,389,1,1026,9,138,0,"Withdrawn"
"415",277880,"2014J",0,0,0,10,0,1,0,1,0,"Withdrawn"
"416",279572,"2013J",0,114,0,197,0,770,15,86,1,"Distinction"
"417",28061,"2014J",7,315,0,395,5,559,29,170,110,"Pass"
"418",281022,"2013J",0,36,0,88,0,315,8,39,6,"Pass"
"419",281077,"2014J",0,138,0,253,0,277,60,124,43,"Pass"
"420",281250,"2013J",1,25,0,31,0,43,6,23,1,"Fail"
"421",281589,"2013J",0,21,0,16,0,21,0,1,0,"Fail"
"422",281636,"2014J",1,360,0,520,0,1385,67,234,115,"Pass"
"423",282821,"2013J",8,265,1,331,0,1129,18,170,39,"Pass"
"424",28400,"2013J",10,417,0,324,0,537,12,87,48,"Pass"
"425",285315,"2014J",0,106,3,219,0,628,22,132,47,"Pass"
"426",286488,"2013J",1,99,1,130,0,721,14,64,16,"Pass"
"427",287040,"2014J",6,435,0,390,0,1183,56,144,53,"Pass"
"428",287204,"2014J",0,399,0,319,0,954,53,112,8,"Pass"
"429",287210,"2014J",16,68,0,752,0,2072,15,236,116,"Pass"
"430",287548,"2013J",0,17,0,101,1,343,1,18,2,"Pass"
"431",288994,"2014J",0,21,0,13,0,97,1,2,0,"Fail"
"432",289449,"2014J",8,101,0,260,1,869,43,41,13,"Pass"
"433",290164,"2014J",43,2584,5,1138,4,1672,65,200,94,"Pass"
"434",290201,"2013J",8,64,0,356,1,962,12,235,102,"Pass"
"435",290757,"2013J",0,68,0,93,0,132,294,54,11,"Pass"
"436",291334,"2013J",14,2362,12,885,1,1510,27,275,145,"Distinction"
"437",292525,"2014J",0,0,0,51,0,196,10,50,4,"Pass"
"438",292775,"2014J",3,233,0,400,0,955,21,161,86,"Pass"
"439",293699,"2013J",0,43,0,59,0,33,9,38,5,"Pass"
"440",293824,"2014J",8,3992,0,2116,3,1445,28,202,107,"Pass"
"441",294496,"2014J",0,178,0,428,0,539,18,167,92,"Pass"
"442",294570,"2013J",3,258,0,443,1,983,32,52,3,"Pass"
"443",294594,"2013J",5,5,0,214,0,551,1,54,35,"Pass"
"444",294655,"2014J",0,368,1,230,1,1485,21,112,1,"Fail"
"445",295060,"2014J",0,448,0,284,0,126,90,139,10,"Fail"
"446",295075,"2014J",9,232,0,175,0,1192,9,25,0,"Pass"
"447",295741,"2013J",0,109,0,217,0,257,21,87,18,"Fail"
"448",296332,"2013J",14,322,1,363,3,1387,27,30,5,"Distinction"
"449",296424,"2014J",4,141,0,354,0,1114,8,65,9,"Pass"
"450",298034,"2014J",14,282,0,261,2,1006,15,79,22,"Fail"
"451",298696,"2013J",3,30,0,127,0,244,30,62,18,"Pass"
"452",298838,"2014J",6,235,0,321,0,910,22,90,20,"Pass"
"453",300398,"2013J",0,772,0,382,0,573,11,200,59,"Pass"
"454",301967,"2014J",0,0,0,48,0,72,15,51,7,"Pass"
"455",302302,"2013J",11,100,0,101,0,216,11,70,4,"Fail"
"456",302476,"2014J",6,45,0,353,1,1054,15,170,122,"Distinction"
"457",30268,"2013J",0,126,0,59,0,66,4,22,4,"Withdrawn"
"458",303521,"2014J",6,263,0,653,0,5914,69,188,70,"Pass"
"459",303985,"2014J",0,50,0,82,0,157,11,69,12,"Pass"
"460",304465,"2014J",5,669,1,462,0,2142,65,148,61,"Pass"
"461",305152,"2013J",0,37,0,40,0,53,1,15,0,"Fail"
"462",305386,"2013J",2,24,0,234,0,957,16,40,4,"Pass"
"463",305539,"2013J",0,14,0,22,0,24,1,6,1,"Withdrawn"
"464",306107,"2013J",0,14,0,267,0,527,12,118,49,"Pass"
"465",306466,"2013J",9,163,1,253,1,744,14,31,4,"Pass"
"466",306646,"2014J",0,24,0,34,0,42,2,35,7,"Pass"
"467",306897,"2013J",0,1579,0,749,0,304,25,75,10,"Pass"
"468",307061,"2013J",0,157,0,223,0,474,26,119,82,"Pass"
"469",307866,"2013J",0,235,0,337,1,765,8,110,20,"Pass"
"470",309142,"2014J",0,112,0,117,0,277,13,33,8,"Pass"
"471",310412,"2014J",9,183,0,328,0,1760,18,41,0,"Pass"
"472",311235,"2014J",1,368,1,215,7,447,17,72,40,"Pass"
"473",311659,"2014J",0,5,0,16,0,81,0,8,2,"Fail"
"474",311917,"2013J",11,142,0,434,0,1305,22,212,104,"Pass"
"475",312537,"2013J",12,5774,0,4747,3,1911,50,244,141,"Distinction"
"476",312782,"2013J",0,51,0,146,0,33,17,33,1,"Pass"
"477",313937,"2014J",21,1879,0,1874,0,2644,120,287,140,"Pass"
"478",315076,"2014J",9,219,1,297,1,740,20,97,51,"Pass"
"479",315744,"2014J",9,954,2,573,0,2821,53,120,42,"Distinction"
"480",31600,"2014J",0,226,0,67,0,104,3,27,2,"Pass"
"481",31604,"2013J",2,634,1,432,0,836,19,144,90,"Pass"
"482",318933,"2013J",0,179,0,485,0,485,30,95,7,"Pass"
"483",319047,"2013J",8,3652,1,954,1,1417,100,343,113,"Pass"
"484",321942,"2013J",14,5539,0,2066,2,1880,20,342,220,"Pass"
"485",323370,"2014J",25,262,0,384,0,1165,71,178,56,"Pass"
"486",324002,"2013J",10,159,0,335,0,1090,19,188,100,"Pass"
"487",324084,"2013J",15,351,0,468,0,1087,13,27,0,"Pass"
"488",324282,"2013J",0,25,0,56,0,33,2,16,1,"Pass"
"489",328024,"2014J",17,302,0,534,0,1443,9,91,48,"Pass"
"490",32885,"2013J",0,194,4,204,0,494,45,79,14,"Pass"
"491",329659,"2014J",0,50,1,117,0,256,19,39,5,"Fail"
"492",330594,"2014J",1,100,0,380,0,415,14,86,47,"Pass"
"493",331358,"2013J",11,857,1,354,2,987,75,78,11,"Withdrawn"
"494",331358,"2014J",24,2122,4,772,5,860,49,247,129,"Distinction"
"495",332789,"2013J",3,827,0,238,2,466,15,75,29,"Pass"
"496",332884,"2014J",9,34,0,337,0,982,51,147,88,"Pass"
"497",333059,"2013J",0,5,1,70,0,168,9,44,4,"Pass"
"498",333323,"2013J",0,142,0,136,0,301,11,50,8,"Pass"
"499",334259,"2013J",0,74,0,91,0,126,6,34,1,"Fail"
"500",334333,"2013J",0,104,0,97,0,67,8,21,6,"Withdrawn"
"501",334441,"2014J",0,5,1,143,0,85,8,40,1,"Fail"
"502",335247,"2014J",0,151,0,151,0,168,23,98,13,"Pass"
"503",335764,"2013J",0,1124,0,572,0,430,5,100,55,"Withdrawn"
"504",335764,"2014J",0,652,0,417,0,387,17,119,50,"Pass"
"505",336207,"2013J",20,130,0,275,0,763,6,111,11,"Pass"
"506",337748,"2014J",0,29,0,23,0,27,7,7,0,"Withdrawn"
"507",338407,"2014J",0,47,0,49,0,143,12,18,1,"Pass"
"508",339972,"2013J",0,2,0,72,0,195,4,49,11,"Pass"
"509",341872,"2013J",0,25,0,71,0,54,6,42,3,"Fail"
"510",341876,"2014J",5,1053,4,291,2,340,49,32,8,"Withdrawn"
"511",342007,"2013J",0,119,0,231,0,391,14,86,39,"Withdrawn"
"512",342007,"2014J",14,322,0,325,1,1334,39,159,104,"Pass"
"513",342514,"2013J",6,143,0,283,0,1263,9,157,89,"Pass"
"514",342972,"2013J",0,195,1,245,1,259,9,91,37,"Pass"
"515",343446,"2013J",3,1650,0,725,0,1082,28,125,31,"Pass"
"516",344282,"2013J",0,0,0,19,0,23,3,20,0,"Fail"
"517",345068,"2013J",4,6,0,81,0,371,6,74,5,"Pass"
"518",345357,"2013J",8,343,0,413,0,1227,6,137,85,"Distinction"
"519",345440,"2014J",0,0,0,38,0,101,7,18,1,"Pass"
"520",345519,"2014J",6,110,0,326,8,517,10,105,59,"Pass"
"521",346025,"2013J",0,138,0,222,0,132,10,64,3,"Pass"
"522",346118,"2014J",0,228,0,153,0,214,13,82,10,"Pass"
"523",346843,"2013J",0,5,0,28,0,113,0,15,3,"Fail"
"524",348275,"2014J",1,65,0,196,0,170,15,70,28,"Withdrawn"
"525",348807,"2014J",0,57,0,112,3,213,6,32,2,"Pass"
"526",350156,"2014J",0,35,0,78,0,293,41,112,1,"Pass"
"527",350188,"2013J",5,66,0,161,0,393,34,97,5,"Pass"
"528",350939,"2014J",3,149,1,309,0,778,16,101,70,"Pass"
"529",351336,"2014J",0,270,0,304,0,291,15,55,9,"Pass"
"530",353665,"2014J",0,111,0,96,0,108,11,60,12,"Pass"
"531",354170,"2014J",1,243,1,296,0,291,11,95,7,"Fail"
"532",354858,"2013J",0,6,0,32,0,142,5,12,1,"Withdrawn"
"533",356170,"2014J",3,38,0,67,0,607,5,47,1,"Pass"
"534",357668,"2013J",0,7,2,61,0,45,8,38,5,"Fail"
"535",358182,"2014J",0,157,0,361,0,1190,34,112,47,"Pass"
"536",364177,"2013J",0,1,0,140,0,579,5,58,38,"Fail"
"537",364957,"2014J",0,249,5,412,0,734,46,144,48,"Pass"
"538",365244,"2013J",7,250,0,130,0,396,11,68,29,"Pass"
"539",365642,"2013J",5,472,1,719,0,748,31,121,32,"Pass"
"540",366483,"2013J",19,13,0,401,0,832,3,119,78,"Pass"
"541",368194,"2013J",0,58,0,95,0,193,31,55,5,"Pass"
"542",368824,"2013J",0,88,0,64,0,66,13,50,11,"Fail"
"543",368963,"2013J",1,43,2,121,0,408,11,76,15,"Pass"
"544",369834,"2014J",4,111,0,343,0,655,14,98,40,"Withdrawn"
"545",371710,"2014J",0,549,0,526,3,1763,9,99,11,"Pass"
"546",373872,"2014J",10,110,0,270,4,949,10,111,64,"Pass"
"547",375260,"2014J",0,63,0,210,0,414,56,79,7,"Pass"
"548",375646,"2014J",0,234,0,93,0,208,8,49,14,"Pass"
"549",376439,"2013J",0,1037,1,660,0,465,18,112,49,"Distinction"
"550",376581,"2013J",16,208,0,483,0,1322,14,179,111,"Pass"
"551",377546,"2014J",11,300,0,300,0,943,24,76,6,"Distinction"
"552",38053,"2013J",7,875,4,512,0,900,11,91,45,"Pass"
"553",380953,"2013J",0,60,0,282,1,637,13,66,3,"Pass"
"554",381642,"2014J",12,17,0,310,0,684,1,161,105,"Withdrawn"
"555",382095,"2014J",5,1056,0,554,0,642,6,104,25,"Pass"
"556",383180,"2014J",0,17,0,150,4,447,12,23,4,"Withdrawn"
"557",383254,"2013J",0,19,0,147,0,248,4,88,37,"Pass"
"558",383600,"2014J",3,25,0,144,0,450,6,88,9,"Pass"
"559",383723,"2014J",30,3577,0,965,2,2461,49,274,174,"Pass"
"560",384203,"2014J",4,2247,0,1636,0,1093,26,156,22,"Pass"
"561",384725,"2014J",3,2329,0,803,0,1287,51,141,63,"Pass"
"562",386924,"2013J",0,9,0,67,0,46,5,28,9,"Pass"
"563",386952,"2013J",0,66,0,328,0,429,12,71,4,"Pass"
"564",387533,"2014J",0,212,0,228,0,592,6,41,17,"Fail"
"565",387954,"2014J",0,306,0,86,1,113,4,15,7,"Withdrawn"
"566",388147,"2014J",3,115,0,89,0,177,5,35,17,"Fail"
"567",388722,"2013J",0,224,0,174,0,200,13,52,8,"Pass"
"568",388885,"2013J",0,167,0,182,0,445,13,58,10,"Pass"
"569",390890,"2013J",3,104,0,161,0,271,17,61,22,"Withdrawn"
"570",390890,"2014J",0,51,0,115,0,136,17,26,13,"Pass"
"571",391249,"2014J",0,494,0,629,0,1449,14,58,4,"Distinction"
"572",392756,"2013J",0,51,0,112,0,171,8,20,1,"Fail"
"573",392931,"2013J",7,1228,0,692,0,898,24,129,25,"Pass"
"574",393207,"2013J",0,119,0,179,2,465,10,98,3,"Pass"
"575",396599,"2014J",0,178,0,219,3,496,22,68,53,"Fail"
"576",396655,"2014J",0,97,0,127,1,160,14,62,1,"Fail"
"577",396872,"2013J",3,82,0,281,0,517,19,92,2,"Pass"
"578",398171,"2014J",0,184,0,443,0,644,12,46,8,"Pass"
"579",398349,"2014J",3,1500,0,918,0,1371,66,314,123,"Pass"
"580",398552,"2013J",13,61,0,300,0,713,12,81,3,"Fail"
"581",400147,"2014J",0,29,0,60,0,183,4,53,9,"Pass"
"582",400682,"2014J",8,172,0,214,0,1127,17,43,3,"Pass"
"583",401404,"2014J",1,79,0,443,0,652,13,101,37,"Pass"
"584",401869,"2013J",0,180,2,240,0,392,19,89,33,"Pass"
"585",402204,"2014J",0,50,0,177,0,437,14,52,21,"Pass"
"586",402470,"2013J",0,74,1,343,0,887,7,78,55,"Pass"
"587",402727,"2014J",0,48,0,112,0,209,7,37,1,"Pass"
"588",402961,"2014J",11,1510,1,719,0,1974,8,216,116,"Pass"
"589",404356,"2014J",5,455,0,428,2,974,16,189,7,"Pass"
"590",404804,"2013J",0,23,0,95,0,260,19,106,6,"Pass"
"591",405088,"2013J",0,316,0,353,0,556,18,104,41,"Pass"
"592",406671,"2014J",0,96,0,75,0,153,16,59,6,"Pass"
"593",406682,"2014J",16,332,3,564,4,1352,15,287,179,"Distinction"
"594",409100,"2014J",13,221,0,350,3,1441,25,83,44,"Pass"
"595",409703,"2014J",13,278,0,550,0,1877,24,65,1,"Pass"
"596",410092,"2014J",7,6,6,60,0,230,7,21,2,"Pass"
"597",411971,"2014J",3,14,0,229,1,957,26,87,1,"Pass"
"598",414117,"2013J",0,44,0,220,0,469,14,57,3,"Pass"
"599",415969,"2013J",12,297,0,291,4,597,25,99,34,"Withdrawn"
"600",415969,"2014J",0,0,0,14,0,27,2,15,0,"Fail"
"601",418731,"2014J",0,15,0,25,0,51,6,27,3,"Fail"
"602",420087,"2013J",0,60,1,67,1,161,7,42,3,"Fail"
"603",421455,"2014J",4,103,0,394,2,745,22,146,56,"Pass"
"604",424577,"2014J",7,101,0,448,0,1509,14,94,23,"Pass"
"605",429858,"2014J",3,10,1,60,0,120,6,29,3,"Distinction"
"606",429958,"2013J",0,41,0,63,0,270,8,28,1,"Pass"
"607",431025,"2014J",0,0,0,64,0,201,3,31,1,"Fail"
"608",439305,"2014J",0,52,0,131,0,382,14,34,0,"Pass"
"609",440319,"2014J",2,227,4,115,1,273,22,28,4,"Withdrawn"
"610",441018,"2013J",0,247,4,108,0,234,12,36,5,"Pass"
"611",441888,"2013J",0,135,0,171,0,348,15,58,12,"Pass"
"612",442064,"2014J",0,76,0,68,0,179,7,59,13,"Pass"
"613",442132,"2014J",0,4,0,56,0,75,3,32,6,"Pass"
"614",442442,"2013J",1,351,0,217,0,356,13,50,21,"Withdrawn"
"615",444677,"2013J",12,160,0,289,0,702,2,52,24,"Distinction"
"616",446108,"2014J",0,201,0,208,0,388,16,50,16,"Pass"
"617",447481,"2014J",0,327,1,117,0,222,28,69,3,"Pass"
"618",45462,"2013J",2,123,0,320,2,915,8,98,24,"Pass"
"619",45642,"2013J",4,428,0,295,1,508,16,120,56,"Pass"
"620",468120,"2014J",1,4,0,24,0,28,40,18,1,"Fail"
"621",46844,"2014J",0,96,0,92,1,82,30,37,2,"Pass"
"622",468694,"2014J",0,48,0,78,0,296,11,33,7,"Withdrawn"
"623",470588,"2013J",0,36,0,67,0,260,3,29,5,"Withdrawn"
"624",470588,"2014J",0,13,11,95,0,280,5,31,7,"Withdrawn"
"625",470982,"2014J",0,99,0,239,0,1075,10,69,36,"Pass"
"626",476603,"2014J",3,217,1,277,4,779,16,68,0,"Distinction"
"627",481022,"2014J",0,25,0,23,0,21,0,10,0,"Fail"
"628",483800,"2014J",0,372,0,310,0,572,41,70,3,"Pass"
"629",484897,"2014J",0,220,0,193,0,201,18,70,9,"Pass"
"630",485962,"2014J",5,76,0,262,1,646,6,35,3,"Pass"
"631",488990,"2014J",0,63,0,152,0,294,16,143,42,"Pass"
"632",489455,"2013J",0,727,0,710,0,1004,24,269,98,"Pass"
"633",494424,"2013J",0,12,0,14,0,22,1,9,0,"Fail"
"634",495284,"2013J",5,71,0,200,0,585,4,30,6,"Pass"
"635",498857,"2013J",14,16,0,240,1,655,4,63,5,"Pass"
"636",500113,"2014J",3,24,0,101,0,300,7,35,3,"Pass"
"637",503889,"2014J",7,337,0,448,2,1044,12,47,4,"Pass"
"638",508818,"2013J",0,554,0,208,0,318,2,47,0,"Pass"
"639",512460,"2013J",0,58,0,106,0,284,8,62,3,"Pass"
"640",514526,"2014J",0,10,0,11,0,8,12,4,0,"Withdrawn"
"641",518808,"2014J",3,88,0,155,1,1123,16,56,1,"Pass"
"642",52130,"2013J",8,333,0,476,2,714,19,214,128,"Pass"
"643",522482,"2014J",0,29,0,34,3,122,7,16,1,"Withdrawn"
"644",527100,"2014J",3,78,0,203,0,590,10,27,3,"Distinction"
"645",52765,"2014J",4,2030,0,959,1,1596,28,210,110,"Pass"
"646",527801,"2014J",0,99,0,185,0,213,12,80,18,"Fail"
"647",53025,"2013J",3,1974,0,394,0,575,6,124,82,"Pass"
"648",533068,"2014J",0,125,0,73,0,158,9,32,1,"Pass"
"649",537081,"2014J",1,473,0,144,0,151,18,81,3,"Fail"
"650",544103,"2013J",0,389,0,610,4,979,16,219,111,"Pass"
"651",544253,"2014J",3,141,2,693,0,1196,36,165,34,"Pass"
"652",548120,"2014J",0,67,0,193,0,439,22,69,14,"Pass"
"653",550383,"2013J",3,87,0,172,3,568,5,69,3,"Pass"
"654",55104,"2014J",0,352,0,287,0,631,12,135,63,"Pass"
"655",561467,"2014J",0,79,0,49,0,286,12,25,2,"Withdrawn"
"656",564450,"2013J",0,6,0,63,0,104,8,42,1,"Fail"
"657",568601,"2013J",0,1,0,36,0,419,2,21,9,"Withdrawn"
"658",569505,"2014J",19,2381,0,754,1,993,26,49,2,"Distinction"
"659",570317,"2014J",0,207,1,250,4,423,25,98,19,"Pass"
"660",572652,"2013J",5,7,0,113,0,605,10,38,2,"Pass"
"661",574505,"2014J",5,6,0,137,0,672,12,18,0,"Pass"
"662",57506,"2013J",5,30,8,360,0,708,16,132,60,"Pass"
"663",580389,"2013J",1,326,0,341,0,530,12,60,1,"Pass"
"664",58071,"2014J",22,759,1,855,4,1778,98,121,10,"Pass"
"665",581129,"2013J",0,36,0,54,0,77,2,25,0,"Fail"
"666",58316,"2014J",0,45,0,367,1,675,20,145,42,"Pass"
"667",588477,"2014J",9,2462,0,1319,1,1277,22,82,11,"Pass"
"668",58873,"2013J",8,229,0,488,2,811,6,110,78,"Pass"
"669",588775,"2013J",12,3436,2,1907,1,1501,51,150,7,"Pass"
"670",591774,"2013J",0,216,0,133,0,224,8,21,3,"Pass"
"671",59185,"2013J",0,218,0,215,3,521,13,100,32,"Pass"
"672",593846,"2014J",0,82,0,181,0,575,14,78,4,"Withdrawn"
"673",593987,"2014J",9,136,13,329,0,1032,34,111,3,"Fail"
"674",596288,"2014J",0,80,0,67,0,137,8,65,18,"Pass"
"675",598070,"2014J",0,0,0,3,0,0,0,0,0,"Withdrawn"
"676",603834,"2014J",0,119,1,78,0,107,3,33,0,"Pass"
"677",603861,"2013J",3,7,0,145,0,744,7,44,5,"Withdrawn"
"678",603861,"2014J",0,0,0,41,0,107,0,1,1,"Withdrawn"
"679",606143,"2013J",0,65,0,80,0,232,3,23,3,"Fail"
"680",608440,"2014J",0,52,0,28,0,91,1,10,5,"Withdrawn"
"681",62155,"2013J",12,1255,0,513,1,1520,21,61,5,"Pass"
"682",623840,"2014J",1,901,2,345,0,981,20,115,5,"Pass"
"683",62487,"2014J",7,42,1,161,0,370,7,79,16,"Pass"
"684",626240,"2014J",0,67,0,138,0,309,37,37,0,"Pass"
"685",628088,"2014J",0,214,0,69,0,196,6,34,0,"Withdrawn"
"686",628312,"2014J",0,13,1,9,1,26,3,20,4,"Withdrawn"
"687",630142,"2014J",0,110,0,91,0,209,1,38,6,"Withdrawn"
"688",63165,"2014J",0,177,0,182,0,463,14,60,16,"Pass"
"689",63400,"2013J",25,411,0,543,0,1419,8,204,127,"Pass"
"690",637665,"2014J",0,1576,0,507,0,766,13,118,3,"Pass"
"691",639053,"2014J",0,6,0,56,0,103,2,27,1,"Pass"
"692",642878,"2014J",0,94,0,94,1,360,3,24,2,"Withdrawn"
"693",648130,"2014J",0,36,0,147,0,237,2,25,0,"Withdrawn"
"694",65002,"2013J",0,12,0,38,0,100,2,18,1,"Withdrawn"
"695",65002,"2014J",0,0,0,5,0,0,0,0,0,"Fail"
"696",6516,"2014J",21,451,0,497,0,1505,31,143,143,"Pass"
"697",676546,"2014J",0,10,0,81,0,187,6,36,1,"Withdrawn"
"698",677186,"2014J",0,59,0,128,0,389,6,39,15,"Pass"
"699",677281,"2014J",0,13,1,28,0,72,2,10,0,"Fail"
"700",684180,"2014J",0,21,0,46,0,72,23,9,0,"Pass"
"701",687698,"2014J",0,39,0,53,1,42,2,29,8,"Pass"
"702",696073,"2014J",3,312,0,374,0,1374,14,89,2,"Pass"
"703",696578,"2014J",0,272,0,466,1,692,164,68,4,"Withdrawn"
"704",70011,"2014J",18,2401,0,1453,0,2091,36,243,154,"Pass"
"705",704156,"2013J",2,542,0,449,0,1745,33,181,112,"Pass"
"706",70464,"2013J",1,91,2,254,2,610,12,56,25,"Pass"
"707",705379,"2013J",36,1637,6,1300,0,2138,59,360,144,"Distinction"
"708",71361,"2013J",3,822,0,390,1,853,49,129,80,"Pass"
"709",721259,"2013J",1,702,16,120,3,257,20,70,39,"Withdrawn"
"710",721259,"2014J",4,1559,15,558,0,575,17,100,52,"Withdrawn"
"711",74372,"2013J",0,14,0,34,0,43,1,22,2,"Fail"
"712",749412,"2013J",7,2096,1,1148,0,455,15,208,77,"Pass"
"713",75091,"2013J",12,756,0,602,0,1349,42,176,55,"Pass"
"714",75255,"2014J",0,91,0,182,0,583,17,61,16,"Pass"
"715",760729,"2013J",12,2624,4,1957,0,1959,40,482,210,"Distinction"
"716",77367,"2013J",0,77,0,248,0,252,7,68,28,"Pass"
"717",79403,"2014J",14,54,0,220,0,1404,4,60,26,"Withdrawn"
"718",85092,"2014J",0,181,0,121,0,262,9,66,26,"Pass"
"719",85144,"2014J",0,202,1,190,0,185,11,48,19,"Pass"
"720",852847,"2014J",2,3,1,63,0,72,7,33,0,"Fail"
"721",85302,"2014J",21,186,1,649,0,1058,35,220,110,"Pass"
"722",87431,"2014J",1,170,0,161,0,362,2,78,28,"Withdrawn"
"723",905042,"2013J",4,341,8,714,1,1510,25,260,141,"Pass"
"724",91265,"2013J",8,5,0,424,0,893,9,116,39,"Pass"
"725",94961,"2013J",0,12,0,70,0,183,1,57,16,"Withdrawn"
"726",94961,"2014J",0,131,0,228,0,373,18,116,35,"Pass"
"727",949618,"2013J",0,856,0,264,0,135,11,63,28,"Pass"
"728",95755,"2014J",0,37,0,107,0,205,4,26,2,"Withdrawn"
"729",958987,"2013J",0,20,0,326,0,693,16,118,43,"Pass"
"730",968578,"2013J",3,99,0,156,1,569,6,33,3,"Pass"
"731",969076,"2013J",0,1107,0,450,1,380,7,34,1,"Withdrawn"
"732",971027,"2013J",14,483,0,592,1,1697,29,186,96,"Pass"
"733",978739,"2013J",8,2734,21,1150,4,1539,126,280,126,"Pass"
"734",98094,"2013J",11,33,0,486,0,2069,33,189,18,"Pass"
"735",998493,"2014J",16,5145,7,2821,3,1911,29,318,214,"Pass"
